时间t(s),质量矩阵最小特征值min_eig_M
0,577.7255488
0.2,565.9102975
0.4,557.4180031
0.6,565.8736303
0.8,582.1796397
1,596.6909596
1.2,606.38061
1.4,611.0558031
1.6,609.9393589
1.8,602.2208936
2,588.5186449
2.2,571.0782176
2.4,553.0335878
2.6,537.5521956
2.8,527.3014793
3,524.1205952
3.2,528.9307914
3.4,541.6729457
3.6,561.2991657
3.8,585.7259676
4,611.8056831
4.2,635.5684409
4.4,652.8162805
4.6,660.0776888
4.8,655.5094854
5,639.3810726
5.2,613.903681
5.4,582.6706788
5.6,549.9519079
5.8,520.1023436
6,497.0752937
6.2,484.0184152
6.4,482.9821146
6.6,494.7363809
6.8,518.6341786
7,552.4746353
7.2,592.4840696
7.4,633.5588288
7.6,669.7872269
7.8,695.239696
8,705.0574707
8.2,696.7764796
8.4,671.3711917
8.6,633.2486072
8.8,588.9362701
9,545.1596943
9.2,507.3502131
9.4,479.1487302
9.6,462.7457619
9.8,459.4931002
10,470.2386916
10.2,495.1028986
10.4,532.7704105
10.6,579.739098
10.8,630.1473917
11,676.5364474
11.2,711.3349751
11.4,728.4965622
11.6,724.8107557
11.8,700.6674309
12,660.1122511
12.2,609.9982168
12.4,558.3065703
12.6,512.2396595
12.8,476.9221094
13,455.1658893
13.2,448.0732003
13.4,455.8231286
13.6,478.0435767
13.8,513.5396853
14,559.5854644
14.2,611.3191584
14.4,661.8422029
14.6,703.2905052
14.8,728.5943734
15,733.2628187
15.2,716.5432509
15.4,681.5898104
15.6,634.6034437
15.8,583.2288966
16,534.7748621
16.2,494.8971767
16.4,467.130755
16.6,453.1984092
16.8,453.6530599
17,468.3333605
17.2,496.3292405
17.4,535.5177488
17.6,582.0527904
17.8,630.2924964
18,673.4433179
18.2,704.8184205
18.4,719.3104112
18.6,714.6139441
18.8,691.827695
19,655.2046378
19.2,611.0506428
19.4,566.129371
19.6,526.2000206
19.8,495.2279876
20,475.396821
20.2,467.619735
20.4,472.074109
20.6,488.3952942
20.8,515.4390112
21,550.8242307
21.2,590.6684724
21.4,629.8696556
21.6,662.9568869
21.8,685.1779358
22,693.4104755
22.2,686.68582
22.4,666.3299531
22.6,635.7485263
22.8,599.8032473
23,563.8012768
23.2,532.3835122
23.4,508.7567155
23.6,494.5305562
23.8,490.0534143
24,494.9151207
24.2,508.3005771
24.4,529.0305654
24.6,555.3328044
24.8,584.5935779
25,613.4112415
25.2,638.088319
25.4,655.376175
25.6,663.1209511
25.8,660.5823909
26,648.4332165
26.2,628.5641672
26.4,603.7775462
26.6,577.3715162
26.8,552.622239
27,532.2657321
27.2,518.1465898
27.4,511.1373138
27.6,511.2901554
27.8,518.0859056
28,530.638596
28.2,547.773323
28.4,567.9866436
28.6,589.392075
28.8,609.7837806
29,626.8786044
29.2,638.6723924
29.4,643.7773605
29.6,641.6376506
29.8,632.5951454
30,617.8230797
30.2,599.1471401
30.4,578.7713
30.6,558.9499453
30.8,541.6836735
31,528.5201055
31.2,520.494236
31.4,518.1740925
31.6,521.7333695
31.8,530.9778934
32,545.2998463
32.2,563.5947302
32.4,584.2168938
32.6,605.0461091
32.8,623.6930989
33,637.8161835
33.2,645.4863608
33.4,645.5294241
33.6,637.7721265
33.8,623.117333
34,603.3967122
34.2,581.0237245
34.4,558.5627473
34.6,538.3674165
34.8,522.3850345
35,512.115465
35.2,508.630151
35.4,512.5479809
35.6,523.9217672
35.8,542.0690051
36,565.4397384
36.2,591.6241179
36.4,617.555005
36.6,639.8853665
36.8,655.4712695
37,661.8925395
37.2,657.9470644
37.4,644.0018598
37.6,622.0195106
37.8,595.1457148
38,566.9765122
38.2,540.8289755
38.4,519.3148505
38.6,504.2930216
38.8,497.0446983
39,498.4236002
39.2,508.805007
39.4,527.8228718
39.6,554.0457063
39.8,584.8181741
40,616.4388159
40.2,644.6778931
40.4,665.4789549
40.6,675.6527306
40.8,673.4515609
41,658.970628
41.2,634.2678916
41.4,603.0364822
41.6,569.8007579
41.8,538.9099968
42,513.7679831
42.2,496.5729362
42.4,488.5074462
42.6,490.0866638
42.8,501.3584903
43,521.8001361
43.2,549.9765227
43.4,583.2191149
43.6,617.6328987
43.8,648.5798791
44,671.5178552
44.2,682.9022694
44.4,680.889411
44.6,665.7088928
44.8,639.6499388
45,606.6259669
45.2,571.3660386
45.4,538.4588024
45.6,511.5899265
45.8,493.2166492
46,484.6663344
46.2,486.4283341
46.4,498.3650575
46.6,519.6848948
46.8,548.7084457
47,582.628975
47.2,617.528154
47.4,648.8029465
47.6,671.9436878
47.8,683.4278775
48,681.4624151
48.2,666.3807091
48.4,640.587878
48.6,608.0380358
48.8,573.3701279
49,540.9839994
49.2,514.3740815
49.4,495.8902148
49.6,486.8596334
49.8,487.8415511
50,498.7786414
50.2,518.9310459
50.4,546.6517051
50.6,579.201063
50.8,612.8217956
51,643.171549
51.2,666.0255325
51.4,678.0476102
51.6,677.4397184
51.8,664.3373248
52,640.8397251
52.2,610.592233
52.4,577.9775462
52.6,547.1861434
52.8,521.5242821
53,503.1721894
53.2,493.3377812
53.4,492.5607595
53.6,500.9045654
53.8,517.8994983
54,542.2883606
54.2,571.7841422
54.4,603.0829905
54.6,632.2443831
54.8,655.3401172
55,669.1485454
55.2,671.7084269
55.4,662.6612452
55.6,643.3606398
55.8,616.6880463
56,586.5141145
56.2,556.8954836
56.4,531.2924062
56.6,512.1140546
56.8,500.6970601
57,497.5752617
57.2,502.7810487
57.4,515.9628619
57.6,536.253238
57.8,562.0045298
58,590.6312148
58.2,618.7655467
58.4,642.750455
58.6,659.2985214
58.8,666.0888751
59,662.1617548
59.2,648.0793717
59.4,625.8512148
59.6,598.6015155
59.8,569.9928715
60,543.5432554
60.2,522.070621
60.4,507.4457175
60.6,500.6560292
60.8,502.024247
61,511.3835539
61.2,528.0857535
61.4,550.8518772
61.6,577.6027636
61.8,605.4570353
62,631.0115323
62.2,650.8659908
62.4,662.2318369
62.6,663.4508731
62.8,654.3119491
63,636.1101535
63.2,611.4197754
63.4,583.601098
63.6,556.1614269
63.8,532.1760667
64,513.950563
64.2,502.9693046
64.4,500.0255415
64.6,505.3614602
64.8,518.6877167
65,539.0614916
65.2,564.7197668
65.4,593.0269593
65.6,620.6611205
65.8,644.0487817
66,659.9452687
66.2,666.0158521
66.4,661.2947275
66.6,646.4213549
66.8,623.5605808
67,595.9681185
67.2,567.3057892
67.4,540.9522545
67.6,519.5575316
67.8,504.9350817
68,498.1929135
68.2,499.9035244
68.4,510.1422701
68.6,528.3453198
68.8,553.0806231
69,581.9139741
69.2,611.5309197
69.4,638.1494238
69.6,658.1170181
69.8,668.5317855
70,667.767368
70.2,655.8272866
70.4,634.4342318
70.6,606.7410515
70.8,576.6609111
71,548.0333829
71.2,523.9654441
71.4,506.5728032
71.6,497.0945918
71.8,496.1610601
72,503.963238
72.2,520.1855109
72.4,543.741804
72.6,572.5130588
72.8,603.3253494
73,632.2919665
73.2,655.4430684
73.4,669.4350505
73.6,672.149834
73.8,663.0906988
74,643.5280974
74.2,616.3240852
74.4,585.3856752
74.6,554.8545295
74.8,528.3232832
75,508.3759418
75.2,496.5480306
75.4,493.5616193
75.6,499.58014
75.8,514.2801736
76,536.6912159
76.2,564.9303062
76.4,596.0679303
76.6,626.3249663
76.8,651.6238249
77,668.3271525
77.2,673.9320263
77.4,667.5528114
77.6,650.1118955
77.8,624.1911812
78,593.5304572
78.2,562.2701981
78.4,534.1791323
78.6,512.135844
78.8,497.989068
79,492.7089685
79.2,496.6135549
79.4,509.4710958
79.6,530.4028706
79.8,557.6677443
80,588.522815
80.2,619.3519033
80.4,646.1239064
80.6,665.0730762
80.8,673.403069
81,669.8382
81.2,654.9051996
81.4,630.8637351
81.6,601.2524272
81.8,570.1435251
82,541.3522056
82.2,517.8819539
82.4,501.7470841
82.6,494.0995714
82.8,495.4500312
83,505.7778624
83.2,524.4421178
83.4,549.9613096
83.6,579.8482675
83.8,610.6930751
84,638.5663123
84.2,659.648771
84.4,670.9050694
84.6,670.644748
84.8,658.8753827
85,637.3641817
85.2,609.3239382
85.4,578.7371367
85.6,549.5240113
85.8,524.8745084
86,506.9669167
86.2,497.0603015
86.4,495.7562192
86.6,503.1854787
86.8,518.9756307
87,542.024306
87.2,570.2573973
87.4,600.600671
87.6,629.2924974
87.8,652.4766429
88,666.8810783
88.2,670.3971939
88.4,662.4649133
88.6,644.2203037
88.8,618.342186
89,588.5477846
89.2,558.8271649
89.4,532.6830313
89.6,512.664783
89.8,500.3057629
90,496.3410368
90.2,500.9649813
90.4,513.9249493
90.6,534.3884869
90.8,560.6919201
91,590.1909443
91.2,619.4095687
91.4,644.5226961
91.6,662.0260241
91.8,669.3794022
92,665.4714418
92.2,650.8398206
92.4,627.6082469
92.6,599.1051467
92.8,569.2070447
93,541.5955254
93.2,519.1926866
93.4,503.9440523
93.6,496.9160109
93.8,498.5206512
94,508.6611657
94.2,526.6880876
94.4,551.2058719
94.6,579.8964961
94.8,609.5573105
95,636.4518417
95.2,656.9067543
95.4,667.9762683
95.6,667.9980641
95.8,656.9285456
96,636.387153
96.2,609.3618542
96.4,579.6051165
96.6,550.8904918
96.8,526.3908992
97,508.3740097
97.2,498.2244684
97.4,496.6352816
97.6,503.762518
97.8,519.2115084
98,541.8621982
98.2,569.6736416
98.4,599.6597624
98.6,628.1588927
98.8,651.3691985
99,666.000574
99.2,669.8754059
99.4,662.3602214
99.6,644.5410255
99.8,619.0564864
100,589.562783
100.2,559.9646018
100.4,533.6933135
100.6,513.2914424
100.8,500.3726915
101,495.8186579
101.2,499.9827758
101.4,512.725095
101.6,533.2451545
101.8,559.8367674
102,589.7752974
102.2,619.5034637
102.4,645.1251874
102.6,663.0627812
102.8,670.6905028
103,666.8183071
103.2,651.9573455
103.4,628.2911478
103.6,599.2773824
103.8,568.9250534
104,540.9855368
104.2,518.3716582
104.4,502.9787674
104.6,495.8405352
104.8,497.391705
105,507.6081672
105.2,525.9177818
105.4,550.9487129
105.6,580.3196794
105.8,610.692562
106,638.1753995
106.2,658.9723894
106.4,670.0717122
106.6,669.7957861
106.8,658.1270859
107,636.7585147
107.2,608.8096923
107.4,578.208681
107.6,548.8985159
107.8,524.156294
108,506.2589881
108.2,496.5210067
108.4,495.5305837
108.6,503.3503892
108.8,519.5259771
109,542.9002208
109.2,571.3853632
109.4,601.9133814
109.6,630.7132341
109.8,653.8881719
110,668.1166438
110.2,671.2753125
110.4,662.8518519
110.6,644.0755564
110.8,617.7114624
111,587.5126926
111.2,557.4592156
111.4,531.0423809
111.6,510.841735
111.8,498.4682497
112,494.7479892
112.2,499.9269729
112.4,513.7234174
112.6,535.1883685
112.8,562.4866332
113,592.7988608
113.2,622.5108064
113.4,647.7092331
113.6,664.8499729
113.8,671.408794
114,666.3696589
114.2,650.4586033
114.4,626.0463455
114.6,596.6814159
114.8,566.347978
115,538.7002838
115.2,516.5520946
115.4,501.7450759
115.6,495.3040932
115.8,497.6610386
116,508.7476719
116.2,527.8833938
116.4,553.5426704
116.6,583.1983423
116.8,613.4299138
117,640.3523673
117.2,660.2543376
117.4,670.2571336
117.6,668.8445371
117.8,656.1789643
118,634.1308989
118.2,605.9471111
118.4,575.5783018
118.6,546.8702339
118.8,522.9263591
119,505.8494778
119.2,496.8405655
119.4,496.4517298
119.6,504.7582932
119.8,521.3165391
120,544.939303
120.2,573.4686661
120.4,603.7678357
120.6,632.0508886
120.8,654.4844954
121,667.8693793
121.2,670.218518
121.4,661.1329249
121.6,641.9213869
121.8,615.4004925
122,585.3473861
122.2,555.7257141
122.4,529.959103
122.6,510.5163963
122.8,498.8832802
123,495.7796943
123.2,501.3876305
123.4,515.4065324
123.6,536.8985702
123.8,564.0475529
124,594.0490337
124.2,623.3067568
124.4,647.9472143
124.6,664.4984279
124.8,670.5289069
125,665.1045154
125.2,648.9916965
125.4,624.5526001
125.6,595.2989402
125.8,565.1802448
126,537.8337721
126.2,516.0662233
126.4,501.7026744
126.6,495.7277596
126.8,498.5109815
127,509.9163118
127.2,529.2127996
127.4,554.8578396
127.6,584.3404021
127.8,614.2755365
128,640.8181972
128.2,660.2973993
128.4,669.8822287
128.6,668.1162493
128.8,655.221396
129,633.0997793
129.2,604.9808703
129.4,574.7575735
129.6,546.2131781
129.8,522.4203533
130,505.4940862
130.2,496.6722698
130.4,496.535595
130.6,505.1525834
130.8,522.0318806
131,545.9167397
131.2,574.5886221
131.4,604.8817459
131.6,633.0141882
131.8,655.174926
132,668.1930038
132.2,670.1190129
132.4,660.6130462
132.6,641.0634045
132.8,614.358689
133,584.3014366
133.2,554.8179665
133.4,529.2556878
133.6,510.0146311
133.8,498.5551265
134,495.6201117
134.2,501.4371378
134.4,515.7342453
134.6,537.5559057
134.8,565.0212435
135,595.2425533
135.2,624.5595112
135.4,649.0757216
135.6,665.3342078
135.8,670.9403512
136,665.0098924
136.2,648.3763498
136.4,623.488561
136.6,593.9468367
136.8,563.7564862
137,536.5516864
137.2,515.0816029
137.4,501.0910552
137.6,495.4989367
137.8,498.6447211
138,510.3936803
138.2,530.0225145
138.4,555.9741852
138.6,585.6899425
138.8,615.7197199
139,642.1686748
139.2,661.357824
139.4,670.4936289
139.6,668.1853915
139.8,654.7279904
140,632.0927736
140.2,603.5739086
140.4,573.1221432
140.6,544.5605942
140.8,520.9696496
141,504.4343254
141.2,496.1325593
141.4,496.571737
141.6,505.7508881
141.8,523.1230606
142,547.3894003
142.2,576.2953825
142.4,606.6404226
142.6,634.6149489
142.8,656.404008
143,668.8731215
143.2,670.1528106
143.4,660.0087033
143.6,639.9276807
143.8,612.8609855
144,582.6300301
144.2,553.1509872
144.4,527.7540036
144.6,508.8266607
144.8,497.8177455
145,495.4458391
145.2,501.8890294
145.4,516.799459
145.6,539.1318164
145.8,566.9226605
146,597.2282012
146.2,626.367759
146.4,650.4599443
