时间t(s),弹簧瞬时长度l(m),滑移量xi(m)
0,0.4519575,0
0.2,0.4447370845,-0.007220415536
0.4,0.4394799314,-0.01247756857
0.6,0.4447344822,-0.007223017839
0.8,0.4547036357,0.002746135718
1,0.4634121688,0.01145466881
1.2,0.4691490463,0.01719154627
1.4,0.4718814005,0.01992390053
1.6,0.4712003,0.01924279996
1.8,0.4666289673,0.01467146735
2,0.4584610296,0.006503529588
2.2,0.447923539,-0.004033960988
2.4,0.4368370006,-0.01512049944
2.6,0.42717727,-0.02478023003
2.8,0.4207341759,-0.03122332405
3,0.41880386,-0.03315364005
3.2,0.4219929789,-0.02996452111
3.4,0.4301229584,-0.02183454164
3.6,0.4422816241,-0.009675875872
3.8,0.4569570406,0.004999540601
4,0.4721996135,0.02024211349
4.2,0.4858447629,0.03388726285
4.4,0.4957835482,0.0438260482
4.6,0.5002946295,0.04833712948
4.8,0.4983379554,0.04638045536
5,0.4897538131,0.0377963131
5.2,0.4753008342,0.02334333422
5.4,0.4565873713,0.004629871297
5.6,0.4359259432,-0.01603155678
5.8,0.4161440609,-0.03581343909
6,0.4002851164,-0.05167238359
6.2,0.3911316785,-0.06082582155
6.4,0.3906012234,-0.06135627656
6.6,0.3992185707,-0.05273892929
6.8,0.4159215066,-0.03603599339
7,0.438294746,-0.01366275397
7.2,0.4631128573,0.01115535733
7.4,0.4869488687,0.03499136868
7.6,0.5066477686,0.05469026858
7.8,0.5196300138,0.06767251379
8,0.5241116189,0.07215411895
8.2,0.5193261591,0.06736865905
8.4,0.5057103039,0.05375280391
8.6,0.4849287888,0.03297128882
8.8,0.4596455387,0.007688038667
9,0.4330822152,-0.01887528477
9.2,0.4085251007,-0.04343239927
9.4,0.3889563161,-0.06300118394
9.6,0.3768586726,-0.07509882741
9.8,0.3740693486,-0.07788815142
10,0.3815100081,-0.07044749194
10.2,0.3987991996,-0.05315830037
10.4,0.4239969928,-0.02796050721
10.6,0.4537529539,0.001795453881
10.8,0.4838836516,0.03192615164
11,0.5101490535,0.0581915535
11.2,0.5289467851,0.07698928515
11.4,0.5377751323,0.08581763234
11.6,0.535471379,0.08351387897
11.8,0.5222985498,0.07034104984
12,0.4999199384,0.04796243838
12.2,0.4712351196,0.0192776196
12.4,0.4400286089,-0.01192889108
12.6,0.4104346183,-0.04152288168
12.8,0.38631509,-0.06564241001
13,0.3707092898,-0.08124821025
13.2,0.3654830257,-0.08647447426
13.4,0.3711985921,-0.0807589079
13.6,0.3871295172,-0.06482798276
13.8,0.411341849,-0.040615651
14,0.4408474887,-0.01111001133
14.2,0.4719002232,0.0199427232
14.4,0.5004675533,0.0485100533
14.6,0.5228072855,0.07084978555
14.8,0.5360118825,0.08405438255
15,0.5384047167,0.08644721669
15.2,0.5297396282,0.07778212823
15.4,0.5112062614,0.05924876143
15.6,0.4852585949,0.03330109492
15.8,0.4552850401,0.003327540055
16,0.4251526163,-0.02680488375
16.2,0.3986882349,-0.05326926515
16.4,0.3791838593,-0.07277364066
16.6,0.3690029884,-0.08295451163
16.8,0.3693248415,-0.08263265849
17,0.3800241456,-0.07193335442
17.2,0.3996807893,-0.05227671066
17.4,0.425734712,-0.02622278804
17.6,0.454803287,0.002845787026
17.8,0.4831378792,0.03118037916
18,0.5071415891,0.05518408907
18.2,0.523848458,0.07189095798
18.4,0.5312892392,0.07933173919
18.6,0.5287120018,0.07675450177
18.8,0.5166520763,0.06469457626
19,0.4968468655,0.04488936549
19.2,0.4719881959,0.02003069589
19.4,0.4453260258,-0.006631474195
19.6,0.4201878792,-0.03176962084
19.8,0.3995269512,-0.05243054879
20,0.3856079751,-0.06634952494
20.2,0.3798626048,-0.0720948952
20.4,0.3828447985,-0.06911270154
20.6,0.3941877045,-0.05776979547
20.8,0.4125494987,-0.03940800135
21,0.4356508674,-0.01630663255
21.2,0.4605166463,0.008559146304
21.4,0.4839180505,0.03196055053
21.6,0.502886578,0.05092907798
21.8,0.5151444913,0.06318699129
22,0.5193666864,0.06740918641
22.2,0.5152784409,0.06332094094
22.4,0.5036370291,0.05167952913
22.6,0.4861278471,0.03417034711
22.8,0.4651615105,0.01320401053
23,0.4435425755,-0.008414924476
23.2,0.4240268335,-0.02793066648
23.4,0.4088683389,-0.04308916105
23.6,0.3995071174,-0.05245038255
23.8,0.3965041509,-0.05545334908
24,0.3997006562,-0.05225684382
24.2,0.4084491773,-0.04350832272
24.4,0.421746302,-0.03021119796
24.6,0.4382252522,-0.01373224777
24.8,0.456128707,0.00417120703
25,0.4734148435,0.02145734348
25.2,0.4880287939,0.03607129391
25.4,0.4982364914,0.04627899145
25.6,0.5028905841,0.05093308407
25.8,0.5015647468,0.04960724679
26,0.4945677848,0.04261028479
26.2,0.4828778579,0.03092035789
26.4,0.4680207635,0.01606326355
26.6,0.4518869859,-7.051408754e-05
26.8,0.4364772585,-0.01548024151
27,0.4236005895,-0.02835691055
27.2,0.414597619,-0.03735988097
27.4,0.4101792433,-0.04177825674
27.6,0.4104300069,-0.04152749311
27.8,0.4149473372,-0.03701016279
28,0.4230225142,-0.02893498585
28.2,0.4337661382,-0.01819136182
28.4,0.4461464752,-0.005811024751
28.6,0.4589909088,0.007033408819
28.8,0.4710283784,0.0190708784
29,0.4810071198,0.02904961983
29.2,0.4878579981,0.03590049808
29.4,0.4908458273,0.03888832727
29.6,0.4896671165,0.03770961647
29.8,0.484482886,0.03252538598
30,0.4758933009,0.02393580093
30.2,0.4648631766,0.01290567664
30.4,0.4526051802,0.0006476801734
30.6,0.4404318979,-0.01152560212
30.8,0.4295995861,-0.02235791386
31,0.4211750171,-0.0307824829
31.2,0.415950278,-0.03600722201
31.4,0.4144075135,-0.03754998651
31.6,0.4167109465,-0.03524655349
31.8,0.422697666,-0.02925983404
32,0.4318592979,-0.02009820205
32.2,0.4433373886,-0.008620111363
32.4,0.4559680675,0.004010567512
32.6,0.4683938632,0.01643636323
32.8,0.4792275589,0.02727005889
33,0.4872305654,0.03527306542
33.2,0.4914685784,0.03951107842
33.4,0.4914223639,0.03946486392
33.6,0.4870459339,0.03508843385
33.8,0.4787700732,0.02681257316
34,0.4674504373,0.01549293727
34.2,0.4542656858,0.002308185779
34.4,0.4405847892,-0.01137271078
34.6,0.427833408,-0.02412409205
34.8,0.4173820188,-0.03457548117
35,0.4104509594,-0.04150654059
35.2,0.4080012806,-0.04395621939
35.4,0.4105872656,-0.04137023445
35.6,0.4181938409,-0.03376365906
35.8,0.4301320306,-0.02182546936
36,0.4450669059,-0.006890594121
36.2,0.4611964361,0.009238936099
36.4,0.4765300115,0.02457251154
36.6,0.4891824578,0.03722495783
36.8,0.4976169074,0.04565940744
37,0.5008132193,0.04885571932
37.2,0.498370269,0.04641276896
37.4,0.4905500323,0.03859253228
37.6,0.4782511769,0.02629367692
37.8,0.4628923734,0.01093487342
38,0.4462115345,-0.005745965545
38.2,0.43003264,-0.02192485996
38.4,0.4160755423,-0.03588195774
38.6,0.4058517735,-0.04610572652
38.8,0.4006110843,-0.05134641566
39,0.4012453065,-0.05071219351
39.2,0.4080922614,-0.0438652386
39.4,0.420704154,-0.03125334601
39.6,0.4377373386,-0.01422016137
39.8,0.4570808396,0.005123339558
40,0.4762038481,0.02424634811
40.2,0.4925921823,0.04063468228
40.4,0.5041339049,0.05217640487
40.6,0.5093806334,0.0574231334
40.8,0.5076863544,0.05572885441
41,0.4992581456,0.04730064565
41.2,0.4851344173,0.03317691731
41.4,0.4670705094,0.01511300944
41.6,0.447306792,-0.004650707952
41.8,0.4282392038,-0.02371829616
42,0.4120746891,-0.0398828109
42.2,0.4005764836,-0.05138101645
42.4,0.3949530232,-0.05700447676
42.6,0.3958468927,-0.05611060734
42.8,0.4033184198,-0.04863908018
43,0.4167621797,-0.03519532027
43.2,0.4348154402,-0.01714205978
43.4,0.4553929719,0.003435471878
43.6,0.4759280943,0.02397059433
43.8,0.4937703191,0.04181281913
44,0.5066075121,0.05465001206
44.2,0.5127968191,0.06083931906
44.4,0.5115591345,0.05960163454
44.6,0.5030486674,0.05109116742
44.8,0.4883213996,0.03636389958
45,0.4692082479,0.01725074792
45.2,0.4480861418,-0.003871358163
45.4,0.4275582115,-0.02439928849
45.6,0.4100956761,-0.04186182386
45.8,0.3977230586,-0.0542344414
46,0.3918120098,-0.06014549016
46.2,0.3929915381,-0.05896596194
46.4,0.4011292922,-0.05082820785
46.6,0.4153381716,-0.03661932843
46.8,0.4340143188,-0.01794318123
47,0.4549589859,0.003001485919
47.2,0.4756230056,0.02366550561
47.4,0.4934486483,0.04149114825
47.6,0.5062297083,0.05427220826
47.8,0.5124082236,0.06045072358
48,0.5112631434,0.05930564343
48.2,0.5029834892,0.05102598916
48.4,0.4886325026,0.03667500259
48.6,0.4700067712,0.01804927124
48.8,0.4493976506,-0.0025598494
49,0.4292840757,-0.02267342432
49.2,0.4120143483,-0.03994315167
49.4,0.3995418993,-0.0524156007
49.6,0.3932498324,-0.05870766757
49.8,0.3938495062,-0.05810799381
50,0.4013140755,-0.05064342454
50.2,0.4148359321,-0.03712156787
50.4,0.4328494638,-0.01910803624
50.6,0.4531766844,0.001219184411
50.8,0.4733074079,0.02134990789
51,0.4907571382,0.0387996382
51.2,0.5034129845,0.05145548448
51.4,0.5097984501,0.05784095013
51.6,0.509232855,0.057275355
51.8,0.5018912458,0.04993374584
52,0.4887710583,0.03681355828
52.2,0.4715590303,0.01960153027
52.4,0.452395097,0.0004375970024
52.6,0.4335625629,-0.01839493713
52.8,0.4171766822,-0.03478081779
53,0.4049565551,-0.04700094492
53.2,0.3981212443,-0.05383625571
53.4,0.3973707532,-0.05458674681
53.6,0.4028627756,-0.04909472442
53.8,0.4141346961,-0.0378228039
54,0.430022517,-0.02193498296
54.2,0.4486915982,-0.003265901786
54.4,0.4678479817,0.01589048167
54.6,0.4850888444,0.03313134445
54.8,0.4982778299,0.04632032988
55,0.505841683,0.05388418295
55.2,0.506945732,0.05498823198
55.4,0.5015598078,0.04960230777
55.6,0.4904403432,0.03848284324
55.8,0.4750347388,0.02307723876
56,0.4572942612,0.0053367612
56.2,0.439394608,-0.01256289205
56.4,0.4234102843,-0.02854721567
56.6,0.4110332903,-0.04092420969
56.8,0.4034217129,-0.04853578705
57,0.4011955497,-0.05076195028
57.2,0.40450633,-0.04745116999
57.4,0.4130705077,-0.03888699226
57.6,0.4261203316,-0.02583716836
57.8,0.4423408805,-0.009616619532
58,0.4599147224,0.007957222364
58.2,0.4767324026,0.0247749026
58.4,0.4907154032,0.03875790322
58.6,0.5001404142,0.04818291415
58.8,0.5038776035,0.05192010353
59,0.501515268,0.04955776796
59.2,0.4933856646,0.0414281646
59.4,0.4805126248,0.0285551248
59.6,0.4644852369,0.01252773689
59.8,0.4472530854,-0.004704414603
60,0.4308570964,-0.02110040361
60.2,0.4171470897,-0.03481041032
60.4,0.407559315,-0.04439818498
60.6,0.4030057477,-0.04895175233
60.8,0.4038673034,-0.04809019657
61,0.4100287145,-0.04192878553
61.2,0.4208926137,-0.03106488626
61.4,0.4353698452,-0.01658765478
61.6,0.4519069914,-5.050857777e-05
61.8,0.4686159769,0.01665847694
62,0.4835109222,0.03155342222
62.2,0.4947924336,0.04283493359
62.4,0.5011012584,0.04914375836
62.6,0.5016910083,0.04973350828
62.8,0.4965079655,0.04455046552
63,0.4861859225,0.0342284225
63.2,0.4719632534,0.02000575342
63.4,0.455525322,0.003567821962
63.6,0.4387850246,-0.01317247539
63.8,0.4236372655,-0.02832023449
64,0.4117396848,-0.04021781518
64.2,0.4043605938,-0.04759690616
64.4,0.4022963726,-0.04966112737
64.6,0.4058240919,-0.04613340806
64.8,0.414656388,-0.03730111204
65,0.4279078252,-0.0240496748
65.2,0.4441239095,-0.007833590527
65.4,0.4614193895,0.009461889476
65.6,0.4777214436,0.02576394362
65.8,0.4910606347,0.03910313467
66,0.4998382025,0.04788070247
66.2,0.5030224611,0.05106496105
66.4,0.5002607054,0.04830320536
66.6,0.4919099473,0.03995244734
66.8,0.4789871543,0.02702965433
67,0.4630352515,0.01107775145
67.2,0.4459138092,-0.006043690845
67.4,0.429552558,-0.02240494197
67.6,0.4157280838,-0.03622941616
67.8,0.4059116333,-0.0460458667
68,0.401186467,-0.05077103304
68.2,0.4021834453,-0.04977405469
68.4,0.4089852499,-0.04297225009
68.6,0.4210138322,-0.0309436678
68.8,0.4369844564,-0.01497304363
69,0.4550093189,0.003051818886
69.2,0.4728585783,0.02090107828
69.4,0.4883042026,0.03634670264
69.6,0.4994457238,0.0474882238
69.8,0.5049504352,0.05299293516
70,0.5041928765,0.05223537648
70.2,0.4973082598,0.04535075976
70.4,0.4851695701,0.03321207009
70.6,0.4692788969,0.01732139686
70.8,0.4515630592,-0.0003944407987
71,0.4340963043,-0.01786119566
71.2,0.4188177585,-0.03313974146
71.4,0.4073258181,-0.04463168185
71.6,0.4007885411,-0.05116895888
71.8,0.3999289801,-0.05202851989
72,0.4049943213,-0.0469631787
72.2,0.4156570184,-0.03630048159
72.4,0.430902202,-0.02105529803
72.6,0.4490244289,-0.002933071095
72.8,0.4678129494,0.01585544939
73,0.4848907522,0.0329332522
73.2,0.4980934119,0.04613591193
73.4,0.5057797853,0.05382228532
73.6,0.5070263063,0.05506880629
73.8,0.5017115528,0.04975405279
74,0.4905141192,0.03855661921
74.2,0.4748300422,0.02287254223
74.4,0.4565982328,0.004640732752
74.6,0.438034151,-0.01392334904
74.8,0.4213141194,-0.0306433806
75,0.4082912177,-0.04366628233
75.2,0.4003174054,-0.05164009464
75.4,0.3981863084,-0.05377119164
75.6,0.4021380308,-0.04981946915
75.8,0.4118471888,-0.04011031119
76,0.4263758862,-0.02558161376
76.2,0.4441606314,-0.007796868551
76.4,0.4631253446,0.01116784462
76.6,0.4809451792,0.02898767922
76.8,0.4953945972,0.04343709724
77,0.5046763807,0.0527188807
77.2,0.5076582958,0.0557007958
77.4,0.5039972821,0.05203978213
77.6,0.4941632058,0.04220570579
77.8,0.4793744188,0.02741691876
78,0.4614451588,0.009487658752
78.2,0.4425473884,-0.00941011156
78.4,0.4249164629,-0.02704103707
78.6,0.4105620524,-0.04139544762
78.8,0.4010504439,-0.05090705606
79,0.3973869179,-0.05457058209
79.2,0.3999711878,-0.05198631222
79.4,0.4085735773,-0.04338392267
79.6,0.4223121284,-0.02964537163
79.8,0.4396707478,-0.01228675222
80,0.4586213229,0.006663822876
80.2,0.4768701732,0.0249126732
80.4,0.492180567,0.04022306696
80.6,0.502687788,0.05073028799
80.8,0.5071400446,0.05518254458
81,0.5050395577,0.05308205768
81.2,0.4966868751,0.04472937512
81.4,0.4831348552,0.03117735518
81.6,0.4660514285,0.01409392853
81.8,0.4474956852,-0.004461814775
82,0.4296383257,-0.02231917433
82.2,0.4144871664,-0.03747033363
82.4,0.4036803435,-0.04827715647
82.6,0.3983702693,-0.05358723069
82.8,0.399165239,-0.05279226101
83,0.4060739948,-0.04588350524
83.2,0.4184396589,-0.03351784108
83.4,0.4349174197,-0.01704008034
83.6,0.4535728186,0.001615318624
83.8,0.4721254323,0.0201679323
84,0.4882834493,0.03632594928
84.2,0.5000752555,0.04811775545
84.4,0.5061043213,0.0541468213
84.6,0.5057017447,0.05374424474
84.8,0.4989846752,0.04702717515
85,0.4868311037,0.03487360372
85.2,0.4707668312,0.01880933118
85.4,0.4527584661,0.0008009660941
85.6,0.4349335189,-0.01702398113
85.8,0.4192899065,-0.0326675935
86,0.4074744373,-0.04448306274
86.2,0.4006748757,-0.05128262431
86.4,0.3995970842,-0.05236041581
86.6,0.4044462783,-0.04751122173
86.8,0.414857058,-0.03710044204
87,0.4298086102,-0.02214888984
87.2,0.4476302164,-0.004327283557
87.4,0.4661734096,0.01421590965
87.6,0.4831279025,0.03117040248
87.8,0.4963810504,0.04442355041
88,0.5043187076,0.05236120755
88.2,0.5060171458,0.05405964576
88.4,0.5013281341,0.04937063413
88.6,0.4908778433,0.03892034326
88.8,0.4759868388,0.02402933882
89,0.4585018594,0.006544359384
89.2,0.4405400359,-0.01141746407
89.4,0.4241856577,-0.02777184226
89.6,0.4112176484,-0.04073985164
89.8,0.4029420626,-0.04901543738
90,0.4001460374,-0.05181146263
90.2,0.4031146407,-0.04884285934
90.4,0.4116259035,-0.04033159651
90.6,0.4248964467,-0.02706105326
90.8,0.4415430582,-0.0104144418
91,0.4596601096,0.00770260956
91.2,0.4770515096,0.02509400956
91.4,0.491560388,0.03960288795
91.6,0.5013937079,0.04943620791
91.8,0.5053630254,0.0534055254
92,0.5030162501,0.05105875007
92.2,0.4946719112,0.04271441124
92.4,0.4813708822,0.02941338219
92.6,0.4647465483,0.01278904826
92.8,0.4468113877,-0.005146112302
93,0.4296809928,-0.02227650723
93.2,0.4152918428,-0.03666565717
93.4,0.4051830684,-0.04677443165
93.6,0.4003821914,-0.0515753086
93.8,0.401374969,-0.050582531
94,0.4080984169,-0.04385908308
94.2,0.4199154869,-0.03204201311
94.4,0.4355962944,-0.01636120564
94.6,0.4533778522,0.001420352232
94.8,0.471150817,0.01919331699
95,0.4867494213,0.03479192127
95.2,0.4982657478,0.04630824782
95.4,0.5043098184,0.05235231842
95.6,0.5041757173,0.05221821729
95.8,0.4979111993,0.04595369931
96,0.4863004533,0.03434295329
96.2,0.4707628901,0.01880539005
96.4,0.4531679742,0.001210474202
96.6,0.435583585,-0.016373915
96.8,0.4200056563,-0.03195184368
97,0.408132215,-0.043825285
97.2,0.4012224264,-0.05073507364
97.4,0.4000293777,-0.05192812226
97.6,0.4047562861,-0.04720121388
97.8,0.4150006152,-0.03695688483
98,0.4297112528,-0.02224624723
98.2,0.4472297185,-0.004727781479
98.4,0.4654657835,0.01350828347
98.6,0.4821871319,0.03022963188
98.8,0.4953449323,0.04338743231
99,0.5033533354,0.05139583542
99.2,0.5052786151,0.05332111513
99.4,0.5009333948,0.04897589476
99.6,0.4908857413,0.03892824126
99.8,0.4763844449,0.02442694492
100,0.4591947225,0.007237222524
100.2,0.4413543817,-0.01060311831
100.4,0.4248958018,-0.02706169817
100.6,0.4116044228,-0.04035307724
100.8,0.4028683393,-0.04908916069
101,0.3996154623,-0.05234203775
101.2,0.4022776658,-0.04967983423
101.4,0.410722814,-0.04123468598
101.6,0.4241659398,-0.02779156024
101.8,0.4411451388,-0.01081236122
102,0.4596463942,0.007688894242
102.2,0.4773815139,0.0254240139
102.4,0.492139252,0.04018175201
102.6,0.5021070406,0.05014954056
102.8,0.5060986419,0.05414114189
103,0.5036760631,0.0517185631
103.2,0.4951816498,0.04322414978
103.4,0.4816901513,0.02973265125
103.6,0.4648733559,0.01291585589
103.8,0.4467727411,-0.005184758873
104,0.429509109,-0.02244839103
104.2,0.414999108,-0.03695839202
104.4,0.4047563845,-0.04720111551
104.6,0.3998087496,-0.05214875041
104.8,0.4006880726,-0.05126942742
105,0.4074103918,-0.04454710816
105.2,0.4194066052,-0.03255089483
105.4,0.4354577685,-0.01649973152
105.6,0.4537395387,0.001782038705
105.8,0.4720320835,0.02007458346
106,0.4880520986,0.03609459862
106.2,0.4998023593,0.04784485929
106.4,0.5058475224,0.05389002242
106.6,0.5054794343,0.05352193433
106.8,0.4987797655,0.04682226548
107,0.4865973712,0.03463987123
107.2,0.4704428613,0.01848536127
107.4,0.4522935769,0.0003360769225
107.6,0.434320807,-0.01763669302
107.8,0.4185902611,-0.03336723888
108,0.4068122545,-0.04514524554
108.2,0.400197865,-0.05175963495
108.4,0.3994153947,-0.0525421053
108.6,0.4045845902,-0.04737290977
108.8,0.4152491646,-0.03670833538
109,0.4303359331,-0.02162156685
109.2,0.4481763474,-0.003781152616
109.4,0.4666613178,0.01470381783
109.6,0.4835254753,0.03156797534
109.8,0.4966834776,0.04472597765
110,0.504525898,0.05256839802
110.2,0.5061196941,0.05416219407
110.4,0.5013044388,0.04934693878
110.6,0.4906966203,0.03873912025
110.8,0.4756088727,0.02365137271
111,0.4578818426,0.005924342553
111.2,0.4396368626,-0.01232063736
111.4,0.4229888466,-0.02896865341
111.6,0.4097855661,-0.04217193392
111.8,0.401431048,-0.05052645199
112,0.3988024513,-0.05315504874
112.2,0.4022162538,-0.04974124619
112.4,0.4113911636,-0.04056633641
112.6,0.4254061912,-0.02655130878
112.8,0.4427144069,-0.009243093137
113,0.4612790629,0.009321562939
113.2,0.4788383354,0.02688083541
113.4,0.4932340889,0.04127658893
113.6,0.5027163236,0.05075882359
113.8,0.5061633677,0.05420586773
114,0.5032019904,0.0512444904
114.2,0.4942360324,0.04227853235
114.4,0.4803897345,0.0284322345
114.6,0.4633621811,0.01140468112
114.8,0.4451969213,-0.006760578693
115,0.4280013443,-0.02395615571
115.2,0.4136812796,-0.03827622044
115.4,0.4037543576,-0.0482031424
115.6,0.3992592418,-0.05269825818
115.8,0.400717294,-0.05124020599
116,0.4080842467,-0.04387325334
116.2,0.4206791902,-0.03127830982
116.4,0.4371535553,-0.01480394466
116.6,0.4555847036,0.003627203623
116.8,0.4737199053,0.02176240527
117,0.4893119144,0.0373544144
117.2,0.5004483418,0.04849084176
117.4,0.5058006178,0.05384311777
117.6,0.5047687321,0.05281123208
117.8,0.4975319469,0.04557444687
118,0.4850171249,0.03305962493
118.2,0.4687811381,0.01682363805
118.4,0.4508018651,-0.001155634916
118.6,0.4331992931,-0.01875820688
118.8,0.4179483535,-0.03400914648
119,0.4066607617,-0.0452967383
119.2,0.4004779222,-0.05147957776
119.4,0.400046574,-0.05191092601
119.6,0.4055005583,-0.04645694174
119.8,0.4163986208,-0.03555887916
120,0.4316547431,-0.02030275685
120.2,0.4495592565,-0.002398243451
120.4,0.4679587865,0.01600128648
120.6,0.4845693405,0.03261184048
120.8,0.4973260951,0.04536859511
121,0.504673905,0.05271640497
121.2,0.5057520742,0.05379457416
121.4,0.5004751429,0.04851764291
121.6,0.4895272722,0.03756977219
121.8,0.4742754101,0.02231791005
122,0.4565938966,0.004636396564
122.2,0.4386063957,-0.01335110429
122.4,0.4223889741,-0.02956852591
122.6,0.4097096382,-0.0422478618
122.8,0.4018688901,-0.05008860991
123,0.399647744,-0.05230975595
123.2,0.403304737,-0.048652763
123.4,0.4125518039,-0.0394056961
123.6,0.4265005839,-0.02545691605
123.8,0.4436501323,-0.008307367733
124,0.4620013058,0.01004380584
124.2,0.4793149739,0.02735747394
124.4,0.4934467036,0.04148920364
124.6,0.5026599325,0.05070243254
124.8,0.505850325,0.05389282496
125,0.5026642113,0.05070671129
125.2,0.4935231693,0.04156566928
125.4,0.4795653751,0.02760787514
125.6,0.4625017769,0.01054427686
125.8,0.444388364,-0.007569135999
126,0.4273439277,-0.0246135723
126.2,0.4132758494,-0.03868165058
126.4,0.4036807713,-0.04827672866
126.6,0.3995467091,-0.05241079086
126.8,0.4013227868,-0.0506347132
127,0.4088947979,-0.04306270214
127.2,0.4215416033,-0.03041589666
127.4,0.4379179855,-0.01403951452
127.6,0.4561410495,0.004183549452
127.8,0.474013422,0.02205592204
128,0.4893385709,0.03738107094
128.2,0.5002397028,0.04828220284
128.4,0.5054082907,0.05345079066
128.6,0.5042528937,0.05229539372
128.8,0.4969527328,0.04499523285
129,0.4844259408,0.03246844077
129.2,0.4682120524,0.01625455241
129.4,0.4502679349,-0.001689565123
129.6,0.4326997556,-0.01925774441
129.8,0.4174871254,-0.03447037464
130,0.406267038,-0.04569046199
130.2,0.4002132533,-0.05174424668
130.4,0.3999873513,-0.05197014865
130.6,0.4057009074,-0.04625659264
130.8,0.4168550806,-0.03510241945
131,0.4322954843,-0.01966201571
131.2,0.4502641106,-0.001693389421
131.4,0.46859663,0.01663913
131.6,0.4850325501,0.0330750501
131.8,0.4975494898,0.04559198983
132,0.5046378156,0.05268031556
132.2,0.5054765026,0.05351900255
132.4,0.5000115926,0.04805409265
132.6,0.4889496434,0.0369921434
132.8,0.4736670357,0.02170953566
133,0.4560289891,0.004071489111
133.2,0.4381306778,-0.01382682222
133.4,0.4220104098,-0.0299470902
133.6,0.4094089242,-0.04254857582
133.8,0.4016282867,-0.05032921325
134,0.3994818455,-0.05247565447
134.2,0.4032703087,-0.04868719129
134.4,0.41272517,-0.03923233004
134.6,0.426934351,-0.02502314903
134.8,0.4443365518,-0.007620948167
135,0.4628635109,0.01090601091
135.2,0.4802270958,0.02826959582
135.4,0.4942680507,0.0423105507
135.6,0.5032666321,0.05130913208
135.8,0.5061559564,0.05419845641
136,0.5026299388,0.05067243878
136.2,0.4931615937,0.04120409369
136.4,0.4789399565,0.02698245648
136.6,0.4617190828,0.009761582799
136.8,0.4435791948,-0.008378305215
137,0.426634383,-0.02532311697
137.2,0.4127577451,-0.03919975493
137.4,0.4033954652,-0.04856203483
137.6,0.3994914603,-0.05246603972
137.8,0.401475063,-0.050482437
138,0.4092369668,-0.0427205332
138.2,0.4220681325,-0.02988936751
138.4,0.4386215862,-0.01333591381
138.6,0.4569906547,0.005033154736
138.8,0.474941192,0.02298369201
139,0.4902441545,0.03828665453
139.2,0.5010081248,0.04905062477
139.4,0.5059321461,0.0539746461
139.6,0.5044511876,0.05249368755
139.8,0.4967837055,0.04482620552
140,0.4838950273,0.03193752731
140.2,0.4673762541,0.01541875414
140.4,0.4492350107,-0.002722489264
140.6,0.4316180209,-0.0203394791
140.8,0.4165227116,-0.0354347884
141,0.4055710138,-0.04638648619
141.2,0.399888161,-0.05206933905
141.4,0.4000662383,-0.05189126173
141.6,0.4061476194,-0.04580988057
141.8,0.4175836854,-0.03437381458
142,0.4331969321,-0.01876056787
142.2,0.4512273588,-0.000730141236
142.4,0.4695190503,0.01756155034
142.6,0.4858228221,0.03386532214
142.8,0.4981291541,0.04617165405
143,0.5049453154,0.05298781541
143.2,0.5054734681,0.05351596812
143.4,0.4996884163,0.04773091628
143.6,0.4883274546,0.03636995457
143.8,0.4727956194,0.0208381194
144,0.454982972,0.003025472004
144.2,0.4370068392,-0.01495066076
144.4,0.4209261332,-0.03103136678
144.6,0.4084972894,-0.04346021058
144.8,0.4010231688,-0.05093433121
145,0.399290451,-0.05266704901
145.2,0.4035403759,-0.0484171241
145.4,0.41342248,-0.03853501998
145.6,0.4279443398,-0.02401316021
145.8,0.4454910064,-0.006466493553
146,0.4639798113,0.01202231132
146.2,0.4811437869,0.02918628686
146.4,0.4948671323,0.04290963231
