时间t(s),机械能E(J),能量对账E0+∫Ėdt(J),相对残差
0,0,0,0
0.2,36.92676325,36.92665392,2.882707604e-06
0.4,116.4566987,116.4564757,1.898011573e-06
0.6,188.0620902,188.0618009,1.529891772e-06
0.8,220.5734083,220.5731307,1.252804233e-06
1,219.086074,219.0858706,9.241640201e-07
1.2,218.4135256,218.4134362,4.076792972e-07
1.4,270.338651,270.3386474,1.29915368e-08
1.6,413.6011556,413.6011485,1.711055203e-08
1.8,646.074291,646.0741807,1.705190078e-07
2,920.0665199,920.0662534,2.892523851e-07
2.2,1164.088465,1164.088072,3.37829013e-07
2.4,1320.000643,1320.000222,3.181752631e-07
2.6,1376.038216,1376.037895,2.332883342e-07
2.8,1378.096337,1378.0962,9.936266115e-08
3,1410.9276,1410.927643,3.02886099e-08
3.2,1556.904783,1556.904906,7.880111621e-08
3.4,1852.334854,1852.334906,2.817396436e-08
3.6,2264.319971,2264.319826,6.406193916e-08
3.8,2701.874453,2701.874075,1.398929883e-07
4,3057.891993,3057.891461,1.738294358e-07
4.2,3261.951859,3261.951334,1.610029129e-07
4.4,3317.278056,3317.277701,1.070171718e-07
4.6,3302.423692,3302.423594,2.972721657e-08
4.8,3335.672681,3335.672804,3.678078764e-08
5,3518.565703,3518.565901,5.625484873e-08
5.2,3885.484202,3885.484287,2.186299954e-08
5.4,4384.098786,4384.098617,3.856238633e-08
5.6,4897.287197,4897.286751,9.11602218e-08
5.8,5297.307794,5297.307179,1.161218165e-07
6,5506.535771,5506.535177,1.076939397e-07
6.2,5535.307071,5535.306684,6.991675279e-08
6.4,5478.747349,5478.74726,1.630261375e-08
6.6,5474.212271,5474.212436,2.997894354e-08
6.8,5638.427915,5638.428168,4.481390738e-08
7,6011.857803,6011.857929,2.10500014e-08
7.2,6535.971437,6535.971273,2.517065808e-08
7.4,7076.48734,7076.486852,6.889185941e-08
7.6,7484.719036,7484.718349,9.181983482e-08
7.8,7668.913222,7668.912558,8.648614142e-08
8,7640.346778,7640.346356,5.51667325e-08
8.2,7510.521992,7510.521919,9.735950912e-09
8.4,7439.942813,7439.943031,2.923975971e-08
8.6,7562.372972,7562.373282,4.095285632e-08
8.8,7919.972714,7919.972867,1.929153927e-08
9,8440.152211,8440.152024,2.205047355e-08
9.2,8966.69993,8966.699381,6.12198006e-08
9.4,9332.648489,9332.647729,8.144938054e-08
9.6,9440.967799,9440.967085,7.560551666e-08
9.8,9313.146129,9313.1457,4.600665374e-08
10,9080.640613,9080.640575,4.226553096e-09
10.2,8923.18176,8923.182032,3.05674396e-08
10.4,8984.096092,8984.096449,3.9794182e-08
10.6,9302.233747,9302.233919,1.840177953e-08
10.8,9791.440124,9791.439918,2.098459904e-08
11,10278.04193,10278.04134,5.820398778e-08
11.2,10581.23895,10581.23814,7.735669863e-08
11.4,10599.84304,10599.84228,7.12531952e-08
11.6,10363.25591,10363.25548,4.169663629e-08
11.8,10020.45933,10020.45933,1.006852792e-10
12,9770.943141,9770.94348,3.465293401e-08
12.2,9770.062866,9770.063283,4.270873526e-08
12.4,10053.80883,10053.80902,1.927679274e-08
12.6,10518.98643,10518.98619,2.206758962e-08
12.8,10969.29175,10969.29109,6.028908093e-08
13,11207.16802,11207.16714,7.916420863e-08
13.2,11128.86911,11128.86831,7.150897011e-08
13.4,10776.74349,10776.74307,3.938644968e-08
13.6,10321.93418,10321.93423,5.154827496e-09
13.8,9984.41755,9984.41796,4.105427727e-08
14,9928.375256,9928.375729,4.771930703e-08
14.2,10183.06422,10183.06443,2.068427298e-08
14.4,10627.11574,10627.11548,2.433578806e-08
14.6,11044.31795,11044.31723,6.458265648e-08
14.8,11225.31344,11225.31251,8.34279702e-08
15,11067.41877,11067.41796,7.402334457e-08
15.2,10624.77972,10624.77931,3.894708539e-08
15.4,10084.22988,10084.22997,8.897025669e-09
15.6,9677.719993,9677.720446,4.683579622e-08
15.8,9572.673268,9572.673772,5.26322413e-08
16,9792.320139,9792.320355,2.205800077e-08
16.2,10204.02514,10204.02486,2.696469543e-08
16.4,10581.5384,10581.53766,6.968720105e-08
16.6,10711.94274,10711.94179,8.885029554e-08
16.8,10496.48819,10496.48737,7.783255494e-08
17,9997.238117,9997.237719,3.974872498e-08
17.2,9407.471423,9407.471532,1.15317203e-08
17.4,8960.262276,8960.262738,5.161702148e-08
17.6,8818.777009,8818.777508,5.661543225e-08
17.8,9000.048791,9000.048995,2.262346693e-08
18,9367.944883,9367.9446,3.021318066e-08
18.2,9698.297917,9698.297186,7.530275083e-08
18.4,9784.98933,9784.988401,9.490251969e-08
18.6,9536.512498,9536.51171,8.261116481e-08
18.8,9017.580904,9017.580526,4.19080043e-08
19,8416.978879,8416.978985,1.262077162e-08
19.2,7957.814476,7957.814913,5.499678867e-08
19.4,7792.935758,7792.936221,5.950747774e-08
19.6,7934.557702,7934.557879,2.229863912e-08
19.8,8250.733428,8250.733145,3.429237249e-08
20,8529.694862,8529.694166,8.167503412e-08
20.2,8580.732507,8580.731635,1.015743318e-07
20.4,8322.945908,8322.945175,8.8019972e-08
20.6,7820.023941,7820.023588,4.518866813e-08
20.8,7246.537791,7246.537875,1.159188604e-08
21,6804.161789,6804.162166,5.542430823e-08
21.2,6628.284758,6628.285154,5.971657026e-08
21.4,6727.856341,6727.85648,2.069442681e-08
21.6,6984.851896,6984.851629,3.822415098e-08
21.8,7212.102852,7212.10222,8.756945094e-08
22,7241.415627,7241.414839,1.088141519e-07
22.2,7000.375131,7000.37446,9.582778859e-08
22.4,6542.653148,6542.652805,5.232718903e-08
22.6,6019.522726,6019.522767,6.822075756e-09
22.8,5607.841916,5607.842219,5.409168758e-08
23,5428.775735,5428.776064,6.049970435e-08
23.2,5494.157402,5494.157513,2.019249692e-08
23.4,5703.901788,5703.901544,4.268598152e-08
23.6,5894.704369,5894.703801,9.633737566e-08
23.8,5916.955481,5916.954768,1.204682371e-07
24,5703.601418,5703.600802,1.081146465e-07
24.2,5298.619859,5298.619526,6.274073037e-08
24.4,4832.782746,4832.782748,3.76986128e-10
24.6,4460.248191,4460.248423,5.202109624e-08
24.8,4287.501863,4287.502122,6.050112297e-08
25,4327.590179,4327.590261,1.87800411e-08
25.2,4498.64248,4498.642267,4.74517345e-08
25.4,4664.741054,4664.740565,1.047061669e-07
25.6,4698.848462,4698.84784,1.324099227e-07
25.8,4538.93463,4538.934069,1.236501816e-07
26,4212.8156,4212.81526,8.081754553e-08
26.2,3822.243023,3822.24296,1.654327307e-08
26.4,3495.274907,3495.275054,4.211159171e-08
26.6,3329.30156,3329.301762,6.058473923e-08
26.8,3349.743021,3349.743103,2.439042053e-08
27,3501.319339,3501.319183,4.44843874e-08
27.2,3674.375873,3674.375468,1.100130541e-07
27.4,3754.080895,3754.08034,1.477275856e-07
27.6,3670.870814,3670.870271,1.478436643e-07
27.8,3430.078994,3430.078616,1.100308029e-07
28,3107.93385,3107.933715,4.347274574e-08
28.2,2816.339343,2816.339419,2.697915769e-08
28.4,2652.930911,2652.931075,6.215497135e-08
28.6,2658.988008,2658.988105,3.645122195e-08
28.8,2803.26858,2803.268486,3.352881254e-08
29,2997.586697,2997.586374,1.076650456e-07
29.2,3136.136851,3136.13636,1.565124122e-07
29.4,3141.070239,3141.06971,1.681444568e-07
29.6,2995.016262,2995.01584,1.406656085e-07
29.8,2747.330443,2747.330225,7.930675984e-08
30,2492.103884,2492.103879,2.151017653e-09
30.2,2327.696698,2327.696824,5.417647364e-08
30.4,2314.978947,2314.979069,5.236831113e-08
30.6,2451.708607,2451.708589,7.165637145e-09
30.8,2673.651092,2673.650861,8.646703547e-08
31,2881.962956,2881.962527,1.486637434e-07
31.2,2985.393945,2985.393421,1.757482584e-07
31.4,2939.447732,2939.447254,1.626618565e-07
31.6,2765.672539,2765.672231,1.114878638e-07
31.8,2542.622942,2542.622854,3.458618196e-08
32,2372.25547,2372.255559,3.727648802e-08
32.2,2336.14511,2336.145255,6.189948479e-08
32.4,2460.234455,2460.23451,2.24937721e-08
32.6,2703.159072,2703.15893,5.276052808e-08
32.8,2973.29508,2973.294714,1.228726304e-07
33,3167.635171,3167.634654,1.631353592e-07
33.2,3216.223285,3216.222755,1.647514406e-07
33.4,3113.094757,3113.09436,1.273939388e-07
33.6,2919.966307,2919.966134,5.913297754e-08
33.8,2740.391135,2740.39118,1.643714885e-08
34,2674.960391,2674.960552,5.988333825e-08
34.2,2776.779654,2776.779774,4.304808265e-08
34.4,3026.931811,3026.931749,2.050965672e-08
34.6,3341.409183,3341.408876,9.173169841e-08
34.8,3607.268174,3607.267668,1.402451919e-07
35,3732.441762,3732.441191,1.529412863e-07
35.2,3686.996708,3686.996236,1.277326468e-07
35.4,3517.150977,3517.150728,7.074106104e-08
35.6,3325.592418,3325.592416,4.130060234e-10
35.8,3226.652446,3226.652608,5.024285329e-08
36,3295.791971,3295.792138,5.081823406e-08
36.2,3535.341857,3535.341866,2.496755351e-09
36.4,3871.867319,3871.867072,6.371901773e-08
36.6,4187.293067,4187.29258,1.161641539e-07
36.8,4370.991465,4370.990863,1.376317572e-07
37,4369.918458,4369.91792,1.229802303e-07
37.2,4213.837933,4213.837614,7.582994591e-08
37.4,4003.411576,4003.411532,1.105588435e-08
37.6,3865.695904,3865.696068,4.236295029e-08
37.8,3896.600014,3896.600222,5.332060328e-08
38,4116.27512,4116.275184,1.55599283e-08
38.2,4458.277282,4458.277077,4.594312271e-08
38.4,4798.524999,4798.524522,9.933538496e-08
38.6,5011.664295,5011.663669,1.248749747e-07
38.8,5028.936467,5028.935885,1.158773286e-07
39,4870.233867,4870.2335,7.530181984e-08
39.2,4635.224773,4635.224697,1.642967198e-08
39.4,4458.040006,4458.040164,3.537526266e-08
39.6,4446.63289,4446.633119,5.154094147e-08
39.8,4633.931054,4633.931159,2.252551277e-08
40,4962.210653,4962.21049,3.284308477e-08
40.2,5308.009854,5308.0094,8.539958401e-08
40.4,5537.390669,5537.390036,1.144520598e-07
40.6,5567.200926,5567.200307,1.112651568e-07
40.8,5404.174705,5404.174291,7.659873148e-08
41,5143.190232,5143.190122,2.126283815e-08
41.2,4924.781468,4924.781623,3.153031739e-08
41.4,4870.966378,4870.966636,5.278930097e-08
41.6,5028.5902,5028.590346,2.906400291e-08
41.8,5346.306779,5346.306648,2.436207735e-08
42,5696.569721,5696.569275,7.835067772e-08
42.2,5933.674345,5933.67369,1.103537133e-07
42.4,5961.613689,5961.613033,1.101032099e-07
42.6,5779.738169,5779.737721,7.757733865e-08
42.8,5483.977604,5483.977477,2.309147849e-08
43,5222.694372,5222.694532,3.064585607e-08
43.2,5128.114625,5128.114905,5.453095377e-08
43.4,5255.384977,5255.385154,3.363452874e-08
43.6,5556.99086,5556.990757,1.848644018e-08
43.8,5903.94679,5903.946358,7.316680681e-08
44,6144.382082,6144.381422,1.073905886e-07
44.2,6173.254758,6173.254078,1.101775802e-07
44.4,5981.287018,5981.286537,8.049740248e-08
44.6,5660.181833,5660.18168,2.712628762e-08
44.8,5361.225618,5361.225771,2.864939149e-08
45,5226.067448,5226.067747,5.708582674e-08
45.2,5321.402718,5321.402931,3.99450851e-08
45.4,5607.576346,5607.576279,1.185508979e-08
45.6,5955.819887,5955.819475,6.916463572e-08
45.8,6206.815516,6206.814851,1.070680408e-07
46,6244.123955,6244.123248,1.131334953e-07
46.2,6048.499763,6048.499246,8.543339343e-08
46.4,5707.444333,5707.444151,3.193457213e-08
46.6,5375.22771,5375.227853,2.66408406e-08
46.8,5201.977752,5201.978062,5.963479907e-08
47,5264.741298,5264.74154,4.600268692e-08
47.2,5532.122094,5532.122064,5.433042538e-09
47.4,5878.504114,5878.503731,6.504120441e-08
47.6,6141.362951,6141.362298,1.064162873e-07
47.8,6195.602816,6195.602097,1.160898764e-07
48,6010.926586,6010.926037,9.134309112e-08
48.2,5665.854594,5665.854373,3.894194816e-08
48.4,5311.902037,5311.902153,2.182157342e-08
48.6,5104.341056,5104.341363,6.010358648e-08
48.8,5131.231724,5131.231989,5.158106993e-08
49,5373.141696,5373.141704,1.636679041e-09
49.2,5712.033205,5712.032861,6.013808708e-08
49.4,5985.399523,5985.398892,1.053423038e-07
49.6,6060.837783,6060.837062,1.189498185e-07
49.8,5896.583712,5896.583138,9.744802676e-08
50,5560.069841,5560.069581,4.678292667e-08
50.2,5196.361624,5196.361702,1.504953428e-08
50.4,4961.594783,4961.59507,5.781536575e-08
50.6,4952.116453,4952.116726,5.500284468e-08
50.8,5161.304213,5161.304256,8.281648122e-09
51,5483.225755,5483.225459,5.411624475e-08
51.2,5761.242246,5761.241655,1.02640361e-07
51.4,5859.391677,5859.39097,1.207512222e-07
51.6,5724.005456,5724.004862,1.037228804e-07
51.8,5407.542093,5407.541789,5.605194987e-08
52,5044.066506,5044.066537,6.204831383e-09
52.2,4787.89405,4787.894308,5.377886035e-08
52.4,4743.429399,4743.429672,5.759875606e-08
52.6,4917.969086,4917.969159,1.469846044e-08
52.8,5218.855181,5218.854929,4.835570819e-08
53,5496.356733,5496.356181,1.002846588e-07
53.2,5612.605556,5612.604868,1.225197221e-07
53.4,5504.551378,5504.550776,1.093040285e-07
53.6,5211.707714,5211.707377,6.450137172e-08
53.8,4856.481885,4856.481871,2.975863354e-09
54,4587.366883,4587.367101,4.752107834e-08
54.2,4511.771453,4511.771712,5.734913639e-08
54.4,4648.628315,4648.628407,1.985473407e-08
54.6,4921.176049,4921.175845,4.153682059e-08
54.8,5192.47685,5192.476353,9.568384897e-08
55,5327.53071,5327.530056,1.226437124e-07
55.2,5254.018654,5254.018049,1.150991947e-07
55.4,4994.325172,4994.324798,7.500108996e-08
55.6,4654.637818,4654.63775,1.460960856e-08
55.8,4376.471146,4376.471323,4.033292424e-08
56,4272.720818,4272.721067,5.830021128e-08
56.2,4376.908634,4376.908751,2.68152799e-08
56.4,4628.242073,4628.241915,3.429548199e-08
56.6,4899.32776,4899.327306,9.250317319e-08
56.8,5054.31451,5054.313878,1.249020054e-07
57,5011.020214,5011.019602,1.221511778e-07
57.2,4778.217298,4778.216891,8.503562679e-08
57.4,4450.755732,4450.755622,2.472615193e-08
57.6,4165.330019,4165.33016,3.396103661e-08
57.8,4038.106389,4038.106625,5.848332364e-08
58,4112.925692,4112.925826,3.262305534e-08
58.2,4342.786847,4342.786731,2.684669477e-08
58.4,4611.933382,4611.932979,8.734789298e-08
58.6,4788.185574,4788.184978,1.245475652e-07
58.8,4782.166404,4782.165793,1.277635116e-07
59,4587.086111,4587.08567,9.613897146e-08
59.2,4281.406033,4281.40587,3.812831711e-08
59.4,3993.372746,3993.372844,2.445545201e-08
59.6,3843.471118,3843.471344,5.854471916e-08
59.8,3890.510026,3890.510188,4.15726612e-08
60,4105.251636,4105.251572,1.564500105e-08
60.2,4383.347469,4383.347117,8.023828227e-08
60.4,4592.087874,4592.087303,1.243440487e-07
60.6,4630.275611,4630.274989,1.344441554e-07
60.8,4474.140627,4474.140144,1.07909098e-07
61,4188.149194,4188.148979,5.145226882e-08
61.2,3895.675086,3895.675144,1.497486638e-08
61.4,3723.152504,3723.15272,5.795156573e-08
61.6,3743.313623,3743.31381,4.997714452e-08
61.8,3942.945486,3942.945471,3.581019672e-09
62,4229.136129,4229.135831,7.040268222e-08
62.2,4470.897537,4470.896999,1.201572793e-07
62.4,4557.64216,4557.641534,1.372509742e-07
62.6,4448.589344,4448.588821,1.175742004e-07
62.8,4191.086432,4191.086156,6.566417245e-08
63,3899.593091,3899.593098,1.906514329e-09
63.2,3704.633222,3704.633421,5.358355064e-08
63.4,3694.425865,3694.426078,5.740273943e-08
63.6,3875.196103,3875.196144,1.06214259e-08
63.8,4167.989121,4167.988882,5.719716696e-08
64,4443.719694,4443.719193,1.12799876e-07
64.2,4581.048758,4581.048129,1.37273497e-07
64.4,4521.078558,4521.077995,1.246397286e-07
64.6,4293.974315,4293.97398,7.794383505e-08
64.8,4005.37306,4005.373015,1.131972122e-08
65,3788.889551,3788.889727,4.619105336e-08
65.2,3746.297009,3746.297237,6.088504082e-08
65.4,3902.106842,3902.106932,2.309125958e-08
65.6,4192.568601,4192.568423,4.24154363e-08
65.8,4493.928412,4493.927955,1.015564811e-07
66,4677.558323,4677.557702,1.327291943e-07
66.2,4667.543593,4667.542996,1.278988958e-07
66.4,4474.93967,4474.939275,8.820679774e-08
66.6,4193.15617,4193.156065,2.485798748e-08
66.8,3956.321408,3956.321552,3.644813056e-08
67,3879.115463,3879.115702,6.144608618e-08
67.2,4004.959356,4004.95949,3.363306084e-08
67.4,4285.95306,4285.952938,2.825455547e-08
67.6,4604.007832,4604.007419,8.986653671e-08
67.8,4824.065589,4824.064978,1.265436997e-07
68,4855.343251,4855.342629,1.281159715e-07
68.2,4692.461927,4692.461483,9.460441431e-08
68.4,4417.605573,4417.605416,3.56063059e-08
68.6,4163.101021,4163.10113,2.613814463e-08
68.8,4051.845927,4051.846163,5.813552716e-08
69,4142.375644,4142.375811,4.016213169e-08
69.2,4402.716849,4402.71678,1.550860193e-08
69.4,4724.495949,4724.495585,7.699359833e-08
69.6,4971.294863,4971.294276,1.181294025e-07
69.8,5039.965345,5039.964708,1.264819724e-07
70,4907.368676,4907.368185,1.000216931e-07
70.2,4641.215917,4641.215704,4.585736375e-08
70.4,4369.847772,4369.847844,1.631947713e-08
70.6,4224.405331,4224.405564,5.508832332e-08
70.8,4279.329378,4279.329575,4.602571837e-08
71,4518.044671,4518.044649,4.739299675e-09
71.2,4839.741305,4839.740981,6.693155208e-08
71.4,5104.855224,5104.854651,1.120819095e-07
71.6,5198.902724,5198.902072,1.253684506e-07
71.8,5085.152863,5085.152337,1.035151371e-07
72,4821.411264,4821.41101,5.273302101e-08
72.2,4533.223286,4533.223326,8.838757896e-09
72.4,4356.444062,4356.444286,5.132026757e-08
72.6,4375.821798,4375.822012,4.896928205e-08
72.8,4587.077528,4587.077544,3.628722818e-09
73,4898.957064,4898.956784,5.727676758e-08
73.2,5174.244604,5174.244061,1.050226902e-07
73.4,5291.656206,5291.655554,1.232961697e-07
73.6,5200.910446,5200.909889,1.071764433e-07
73.8,4945.896546,4945.896245,6.07782475e-08
74,4645.156594,4645.156596,4.389516677e-10
74.2,4438.364184,4438.364397,4.804008656e-08
74.4,4422.946064,4422.9463,5.340979358e-08
74.6,4609.450022,4609.450081,1.278937821e-08
74.8,4916.004731,4916.004491,4.8704738e-08
75,5204.923688,5204.923165,1.004905003e-07
75.2,5345.407061,5345.406399,1.236928386e-07
75.4,5273.77448,5273.77389,1.117835164e-07
75.6,5023.092486,5023.092145,6.782706651e-08
75.8,4708.132635,4708.132606,6.14437936e-09
76,4472.749043,4472.749246,4.552300234e-08
76.2,4424.281455,4424.281707,5.691029161e-08
76.4,4584.983017,4584.983111,2.053855729e-08
76.6,4882.096499,4882.096301,4.056071068e-08
76.8,5180.748523,5180.74803,9.511405462e-08
77,5344.914486,5344.913829,1.228012756e-07
77.2,5299.116806,5299.116192,1.158798589e-07
77.4,5062.9055,5062.905115,7.591998411e-08
77.6,4742.301016,4742.300945,1.497058717e-08
77.8,4481.940481,4481.940665,4.108394062e-08
78,4399.559263,4399.559528,6.022689913e-08
78.2,4532.42551,4532.425644,2.954358541e-08
78.4,4820.004813,4820.004662,3.124752905e-08
78.6,5130.982925,5130.982465,8.957757558e-08
78.8,5322.793251,5322.792599,1.224872965e-07
79,5306.708877,5306.708237,1.20490922e-07
79.2,5088.52683,5088.526402,8.404052729e-08
79.4,4765.943658,4765.943544,2.381305331e-08
79.6,4483.928612,4483.928772,3.573389627e-08
79.8,4368.834578,4368.834848,6.178720036e-08
80,4471.325283,4471.325449,3.724808183e-08
80.2,4743.681663,4743.68156,2.172920791e-08
80.4,5061.44155,5061.441133,8.242871141e-08
80.6,5279.609657,5279.609023,1.200559859e-07
80.8,5298.200175,5298.19952,1.236050846e-07
81,5107.508877,5107.508406,9.215550559e-08
81.2,4792.5549,4792.554735,3.433068103e-08
81.4,4494.64721,4494.647335,2.783307692e-08
81.6,4347.465746,4347.466013,6.14268527e-08
81.8,4416.514086,4416.514283,4.453438584e-08
82,4669.298046,4669.297991,1.16711784e-08
82.2,4989.895268,4989.894896,7.464215872e-08
82.4,5231.594222,5231.59361,1.170347973e-07
82.6,5283.730568,5283.729903,1.258372649e-07
82.8,5121.984349,5121.983842,9.905485675e-08
83,4818.993411,4818.993198,4.411408213e-08
83.2,4510.781086,4510.781171,1.892402341e-08
83.4,4334.908958,4334.90921,5.82643523e-08
83.6,4368.616588,4368.616803,4.916497085e-08
83.8,4594.487958,4594.487948,2.235433406e-09
84,4908.634342,4908.634021,6.539006335e-08
84.2,5167.628083,5167.627506,1.116912854e-07
84.4,5253.204954,5253.20429,1.262637542e-07
84.6,5125.608409,5125.607869,1.054801083e-07
84.8,4841.432676,4841.432411,5.473077589e-08
85,4527.917145,4527.917184,8.616878253e-09
85.2,4325.377937,4325.378171,5.406841223e-08
85.4,4323.742307,4323.742538,5.346467736e-08
85.6,4521.744782,4521.744813,7.013281507e-09
85.8,4827.331053,4827.330779,5.676175253e-08
86,5099.448202,5099.447655,1.071406425e-07
86.2,5212.447298,5212.446637,1.267853553e-07
86.4,5113.461,5113.460433,1.107199941e-07
86.6,4846.104732,4846.104425,6.340141784e-08
86.8,4529.803223,4529.80322,6.719817745e-10
87,4304.983268,4304.983477,4.859034769e-08
87.2,4269.684209,4269.684445,5.510590139e-08
87.4,4436.016182,4436.016247,1.462969715e-08
87.6,4725.335436,4725.335211,4.756821116e-08
87.8,5003.912526,5003.912023,1.005734016e-07
88,5143.189692,5143.189047,1.254229002e-07
88.2,5077.701164,5077.700578,1.154750004e-07
88.4,4834.546393,4834.546039,7.317715237e-08
88.6,4521.074511,4521.074459,1.160002494e-08
88.8,4276.384705,4276.384887,4.247624027e-08
89,4208.526215,4208.526457,5.76327627e-08
89.2,4345.580826,4345.580928,2.347430563e-08
89.4,4622.647601,4622.647424,3.830554192e-08
89.6,4910.928445,4910.927976,9.529633337e-08
89.8,5076.210861,5076.210223,1.256149335e-07
90,5040.233037,5040.232429,1.206924539e-07
90.2,4816.497551,4816.497156,8.181648387e-08
90.4,4503.815208,4503.815114,2.077836076e-08
90.6,4240.848746,4240.848903,3.689847429e-08
90.8,4143.06563,4143.065874,5.889265362e-08
91,4250.922847,4250.922978,3.076593298e-08
91.2,4512.179254,4512.179122,2.915357623e-08
91.4,4805.724021,4805.723596,8.841467781e-08
91.6,4996.129073,4996.128455,1.235391934e-07
91.8,4994.618376,4994.617755,1.244805026e-07
92,4799.115302,4799.114866,9.089751396e-08
92.2,4495.259326,4495.259182,3.207212103e-08
92.4,4217.877477,4217.8776,2.913634013e-08
92.6,4090.25348,4090.253724,5.975906765e-08
92.8,4168.46552,4168.465685,3.957148146e-08
93,4415.783202,4415.783121,1.825622813e-08
93.2,4718.834136,4718.833754,8.089277458e-08
93.4,4938.664185,4938.663583,1.218072011e-07
93.6,4973.845982,4973.845342,1.286130784e-07
93.8,4806.785482,4806.785003,9.958556277e-08
94,4511.767241,4511.767049,4.257504548e-08
94.2,4221.052284,4221.052374,2.131109412e-08
94.4,4064.850347,4064.850587,5.914875787e-08
94.6,4112.661728,4112.66192,4.674431341e-08
94.8,4342.252685,4342.252652,7.507357422e-09
95,4649.808219,4649.807886,7.164092559e-08
95.2,4896.580222,4896.579648,1.17277769e-07
95.4,4971.250436,4971.249788,1.302161287e-07
95.6,4840.098271,4840.097752,1.072490759e-07
95.8,4562.338727,4562.33848,5.41296804e-08
96,4263.611707,4263.611754,1.095540824e-08
96.2,4079.486406,4079.486636,5.626273368e-08
96.4,4094.335546,4094.335765,5.337084598e-08
96.6,4303.041108,4303.041125,4.134084091e-09
96.8,4612.92098,4612.920697,6.124705746e-08
97,4885.367179,4885.366632,1.118374704e-07
97.2,4998.630895,4998.630241,1.307826086e-07
97.4,4903.158043,4903.157487,1.134031094e-07
97.6,4644.009258,4644.00896,6.421468122e-08
97.8,4340.163214,4340.163217,6.091078749e-10
98,4130.516546,4130.516757,5.111377092e-08
98.2,4111.352862,4111.353096,5.694225831e-08
98.4,4293.298332,4293.298394,1.434880569e-08
98.6,4596.697217,4596.696988,4.982577282e-08
98.8,4887.357386,4887.356878,1.037989569e-07
99,5036.819476,5036.818828,1.286206743e-07
99.2,4980.220835,4980.220248,1.178703037e-07
99.4,4745.649768,4745.649416,7.416292794e-08
99.6,4441.628006,4441.627957,1.089854343e-08
99.8,4208.278602,4208.278789,4.436096601e-08
100,4154.104194,4154.104441,5.939249758e-08
100.2,4306.780116,4306.78022,2.407284213e-08
100.4,4600.250125,4600.249947,3.877767948e-08
100.6,4904.340892,4904.340421,9.612165659e-08
100.8,5083.853363,5083.852722,1.262225368e-07
101,5060.209614,5060.209002,1.209107228e-07
101.2,4847.145702,4847.145306,8.178392922e-08
101.4,4544.028395,4544.028301,2.074053953e-08
101.6,4290.331669,4290.331827,3.683215091e-08
101.8,4202.554382,4202.554629,5.891348383e-08
102,4322.082385,4322.08252,3.122493008e-08
102.2,4596.917395,4596.917266,2.808890007e-08
102.4,4905.131294,4905.130868,8.685016956e-08
102.6,5109.671144,5109.670522,1.217073302e-07
102.8,5120.135243,5120.134615,1.226626345e-07
103,4933.692629,4933.692188,8.946172901e-08
103.2,4636.518684,4636.518538,3.147438088e-08
103.4,4364.991466,4364.991591,2.861370375e-08
103.6,4244.109724,4244.109973,5.851816309e-08
103.8,4330.818149,4330.818317,3.870315663e-08
104,4587.801576,4587.801494,1.784258623e-08
104.2,4899.912068,4899.911681,7.900404686e-08
104.4,5126.320824,5126.320215,1.187092212e-07
104.6,5164.891655,5164.89101,1.247817765e-07
104.8,4999.027036,4999.026557,9.579205652e-08
105,4705.096397,4705.096209,4.000821947e-08
105.2,4417.19025,4417.190344,2.145320634e-08
105.4,4265.958009,4265.958252,5.687088882e-08
105.6,4319.69462,4319.69481,4.3891372e-08
105.8,4553.947923,4553.947883,8.756770289e-09
106,4862.776237,4862.775894,7.042798325e-08
106.2,5106.491649,5106.491068,1.139242854e-07
106.4,5174.658201,5174.657552,1.254930953e-07
106.6,5036.077857,5036.077342,1.021387627e-07
106.8,4753.078643,4753.078405,4.995080482e-08
107,4453.505251,4453.505308,1.268326572e-08
107.2,4273.014504,4273.014738,5.484216308e-08
107.4,4293.67203,4293.672245,5.007106342e-08
107.6,4506.494939,4506.494945,1.336299314e-09
107.8,4815.003415,4815.003117,6.201412201e-08
108,5078.631051,5078.630491,1.103099159e-07
108.2,5176.692949,5176.69229,1.272803707e-07
108.4,5063.680527,5063.679977,1.0846524e-07
108.6,4790.170211,4790.169929,5.880239478e-08
108.8,4479.602571,4479.602593,4.806234007e-09
109,4271.919901,4271.920124,5.2211852e-08
109.2,4260.172775,4260.173008,5.457650347e-08
109.4,4448.751601,4448.751647,1.037941009e-08
109.6,4751.637933,4751.637681,5.301778447e-08
109.8,5031.216947,5031.216419,1.048352947e-07
110,5160.311117,5160.310461,1.271044503e-07
110.2,5079.645845,5079.645266,1.139643678e-07
110.4,4824.776767,4824.776436,6.858178927e-08
110.6,4510.188615,4510.188591,5.254097972e-09
110.8,4277.680929,4277.681133,4.766886919e-08
111,4232.30048,4232.300729,5.875355193e-08
111.2,4394.667151,4394.667241,2.035827165e-08
111.4,4691.269832,4691.26963,4.312990474e-08
111.6,4987.434561,4987.434067,9.913439717e-08
111.8,5148.390678,5148.390024,1.269505566e-07
112,5100.702055,5100.701447,1.190461654e-07
112.2,4865.744591,4865.744215,7.746018109e-08
112.4,4549.777096,4549.777028,1.491420635e-08
112.6,4295.439196,4295.439376,4.190528099e-08
112.8,4217.175847,4217.176102,6.057267845e-08
113,4349.844044,4349.844169,2.876305406e-08
113.2,4633.279519,4633.279367,3.283872325e-08
113.4,4939.476845,4939.476393,9.141515682e-08
113.6,5130.23033,5130.229692,1.243705799e-07
113.8,5119.455706,5119.455078,1.225416228e-07
114,4912.100303,4912.099878,8.633847227e-08
114.2,4601.984113,4601.983993,2.606896634e-08
114.4,4329.497139,4329.497286,3.413037777e-08
114.6,4218.217973,4218.218231,6.114823225e-08
114.8,4318.973414,4318.973574,3.70718982e-08
115,4586.583045,4586.582943,2.224877886e-08
115.2,4900.05184,4900.05143,8.360845763e-08
115.4,5117.431305,5117.430682,1.216571239e-07
115.6,5140.490959,5140.490315,1.252363972e-07
115.8,4959.409154,4959.408689,9.366226735e-08
116,4656.861906,4656.861738,3.593745484e-08
116.2,4369.983313,4369.983426,2.580959328e-08
116.4,4228.125589,4228.12584,5.918243006e-08
116.6,4294.786187,4294.786371,4.2864916e-08
116.8,4539.450426,4539.450371,1.220221035e-08
117,4851.552027,4851.551666,7.429517889e-08
117.2,5090.263441,5090.262847,1.166247439e-07
117.4,5147.939933,5147.939283,1.262093717e-07
117.6,4998.70496,4998.704457,1.006769923e-07
117.8,4710.166139,4710.165919,4.678109242e-08
118,4412.914206,4412.914277,1.615645959e-08
118.2,4241.567132,4241.567372,5.653866382e-08
118.4,4273.886294,4273.886503,4.877191322e-08
118.6,4495.357306,4495.357296,2.097355075e-09
118.8,4805.409957,4805.409641,6.561889364e-08
119,5062.901672,5062.901102,1.125286254e-07
119.2,5150.47171,5150.471053,1.274119901e-07
119.4,5028.185721,5028.185185,1.065705981e-07
119.6,4751.532087,4751.531822,5.570296188e-08
119.8,4445.619277,4445.61931,7.492963286e-09
120,4248.006252,4248.006476,5.265992797e-08
120.2,4246.6366,4246.636822,5.223579554e-08
120.4,4440.682068,4440.682097,6.620419363e-09
120.6,4741.309211,4741.308944,5.627182104e-08
120.8,5011.773018,5011.772484,1.06433417e-07
121,5129.001621,5129.000971,1.26757672e-07
121.2,5039.125671,5039.125106,1.119435492e-07
121.4,4781.867568,4781.867254,6.566279941e-08
121.6,4472.679707,4472.679694,2.825008431e-09
121.8,4250.66867,4250.668874,4.796352058e-08
122,4215.759249,4215.759486,5.62855653e-08
122.2,4383.332079,4383.332151,1.632060913e-08
122.4,4676.849467,4676.849248,4.684748847e-08
122.6,4962.183227,4962.182724,1.012938059e-07
122.8,5108.52542,5108.524771,1.271163439e-07
123,5048.184218,5048.183626,1.172932715e-07
123.2,4807.553939,4807.553582,7.436803595e-08
123.4,4494.849363,4494.84931,1.182019114e-08
123.6,4250.555712,4250.555895,4.306010198e-08
123.8,4183.721761,4183.722007,5.858024111e-08
124,4323.032596,4323.032702,2.450232783e-08
124.2,4604.252682,4604.25251,3.725312934e-08
124.4,4899.291163,4899.2907,9.438071235e-08
124.6,5073.871954,5073.871318,1.252623284e-07
124.8,5048.07109,5048.070477,1.213643954e-07
125,4832.475708,4832.475304,8.354183283e-08
125.2,4523.542965,4523.542862,2.272764702e-08
125.4,4260.177345,4260.177499,3.622918621e-08
125.6,4161.07369,4161.073941,6.041320533e-08
125.8,4270.993436,4270.99358,3.36414329e-08
126,4540.182804,4540.182683,2.664389369e-08
126.2,4846.480212,4846.479789,8.727221573e-08
126.4,5050.536687,5050.536062,1.236998703e-07
126.6,5059.256965,5059.256331,1.253384061e-07
126.8,4868.307656,4868.307209,9.182643861e-08
127,4563.990896,4563.990747,3.268288925e-08
127.2,4283.775371,4283.775496,2.902022136e-08
127.4,4153.925216,4153.925467,6.02849528e-08
127.6,4232.689361,4232.689534,4.088502648e-08
127.8,4484.360421,4484.360349,1.620999534e-08
128,4795.478106,4795.47773,7.847587209e-08
128.2,5025.866068,5025.865467,1.196109352e-07
128.4,5071.751251,5071.750605,1.272949775e-07
128.6,4912.623016,4912.622527,9.961370747e-08
128.8,4620.614633,4620.61443,4.385967593e-08
129,4328.078969,4328.079055,1.970616963e-08
129.2,4167.93273,4167.932974,5.863409068e-08
129.4,4213.589443,4213.589646,4.797663149e-08
129.6,4445.519324,4445.519301,5.207857168e-09
129.8,4759.713192,4759.712862,6.931061677e-08
130,5014.618565,5014.617987,1.153813022e-07
130.2,5095.488561,5095.487905,1.28708781e-07
130.4,4966.665831,4966.665304,1.060750834e-07
130.6,4687.637628,4687.637377,5.356877695e-08
130.8,4385.63783,4385.637876,1.046876338e-08
131,4197.792445,4197.792676,5.491430934e-08
131.2,4209.365677,4209.365898,5.236348726e-08
131.4,4415.713102,4415.713122,4.668947513e-09
131.6,4724.586248,4724.585969,5.906325073e-08
131.8,4997.636937,4997.636394,1.088027113e-07
132,5112.675035,5112.674381,1.279298887e-07
132.2,5018.792512,5018.791952,1.115747816e-07
132.4,4759.431014,4759.43071,6.381796318e-08
132.6,4452.87386,4452.873859,1.983789913e-10
132.8,4238.918469,4238.91868,4.996548348e-08
133,4215.718905,4215.719143,5.638777687e-08
133.2,4395.198538,4395.198602,1.461787965e-08
133.4,4697.266917,4697.266686,4.909395764e-08
133.6,4985.857924,4985.857412,1.028417105e-07
133.8,5130.801329,5130.800675,1.273198008e-07
134,5067.265023,5067.264435,1.160799395e-07
134.2,4825.218372,4825.218024,7.217011114e-08
134.4,4515.360993,4515.36095,9.584401631e-09
134.6,4278.453959,4278.454147,4.411724665e-08
134.8,4221.653312,4221.653556,5.783574989e-08
135,4370.575813,4370.575912,2.261424247e-08
135.2,4658.13328,4658.133098,3.89972824e-08
135.4,4954.828212,4954.827741,9.508262604e-08
135.6,5127.039853,5127.039214,1.246306205e-07
135.8,5097.291782,5097.291172,1.19523714e-07
136,4879.321342,4879.320947,8.097119534e-08
136.2,4571.990378,4571.990285,2.035124294e-08
136.4,4314.720504,4314.720665,3.719541726e-08
136.6,4224.527775,4224.528026,5.93196743e-08
136.8,4342.966939,4342.967075,3.122837208e-08
137,4616.929468,4616.929334,2.887171064e-08
137.2,4922.297732,4922.297297,8.822527541e-08
137.4,5120.215426,5120.214796,1.22989532e-07
137.6,5120.515979,5120.515349,1.230602761e-07
137.8,4922.994873,4922.994437,8.851323723e-08
138,4617.303583,4617.303447,2.946038856e-08
138.2,4341.750216,4341.750349,3.056305604e-08
138.4,4220.404283,4220.404533,5.914149188e-08
138.6,4307.275338,4307.275501,3.782327221e-08
138.8,4562.359821,4562.359733,1.926935749e-08
139,4869.856558,4869.856168,8.007795846e-08
139.2,5090.327786,5090.327179,1.192614792e-07
139.4,5123.565059,5123.564418,1.251142386e-07
139.6,4953.910685,4953.910208,9.612023714e-08
139.8,4657.471571,4657.471385,4.008811401e-08
140,4367.86665,4367.866747,2.215039339e-08
140.2,4215.934143,4215.934389,5.834733321e-08
140.4,4270.532267,4270.532459,4.515590506e-08
140.6,4507.084828,4507.084788,8.798422443e-09
140.8,4818.262948,4818.262602,7.194314726e-08
141,5062.412173,5062.411585,1.162147941e-07
141.2,5128.036454,5128.0358,1.275553584e-07
141.4,4984.782421,4984.781907,1.031219217e-07
141.6,4697.251679,4697.251446,4.950840536e-08
141.8,4395.326131,4395.326193,1.412423492e-08
142,4215.01486,4215.015097,5.620364264e-08
142.2,4237.055844,4237.056057,5.046917058e-08
142.4,4450.824356,4450.824359,8.486692598e-10
142.6,4759.339644,4759.339345,6.276195633e-08
142.8,5022.95896,5022.958402,1.109671496e-07
143,5122.279513,5122.278857,1.279578888e-07
143.2,5012.053098,5012.05255,1.094002377e-07
143.4,4741.734306,4741.734022,5.992192054e-08
143.6,4433.277552,4433.277571,4.06413813e-09
143.8,4226.156123,4226.156345,5.24499068e-08
144,4214.353155,4214.353389,5.559965399e-08
144.2,4403.672766,4403.672815,1.121743953e-08
144.4,4708.736537,4708.736287,5.308692205e-08
144.6,4991.387157,4991.386629,1.057490388e-07
144.8,5123.423334,5123.422676,1.283105873e-07
145,5045.063219,5045.06264,1.149052573e-07
145.2,4792.121601,4792.12127,6.904064211e-08
145.4,4479.412299,4479.412275,5.458018977e-09
145.6,4248.367555,4248.367756,4.732387127e-08
145.8,4203.12132,4203.121565,5.823011571e-08
146,4363.876203,4363.876291,2.00787314e-08
146.2,4658.092883,4658.092683,4.283208767e-08
146.4,4953.206848,4953.206361,9.841402774e-08
