时间(s),浮子位移(m),浮子速度(m/s),振子位移(m),振子速度(m/s),瞬时功率(W)
0,0,0,0,0,0
0.2,0.01297778965,0.1175843029,0.006695075864,0.08471731593,27.55648008
0.4,0.0435340257,0.1781733542,0.03346486194,0.1756509468,0.05812414258
0.6,0.0797115953,0.1730212242,0.0730341973,0.204148827,24.18519655
0.8,0.1082488607,0.1009013307,0.1090244079,0.1423514879,48.09089226
1,0.1159956631,-0.03163361593,0.1252780476,0.01046754524,49.92358655
1.2,0.09344881495,-0.1959447004,0.1104226237,-0.162833923,28.04958916
1.4,0.03824375805,-0.3507262575,0.06003242222,-0.3378090664,2.929566783
1.6,-0.04312356717,-0.4508441876,-0.02225223791,-0.4742462633,12.19580613
1.8,-0.1367156149,-0.469104729,-0.1228963142,-0.5139257281,58.01705476
2,-0.2237837967,-0.3836562009,-0.2203349392,-0.4414521866,106.7958609
2.2,-0.283354599,-0.196686661,-0.2921474704,-0.259842436,132.1269364
2.4,-0.2974555704,0.06463633778,-0.3186096472,0.005992417376,110.5949227
2.6,-0.2556715809,0.3529828559,-0.2871395694,0.3105924863,50.75061235
2.8,-0.1584066135,0.6090711702,-0.1955667741,0.5975231584,2.238810431
3,-0.01831807842,0.773643436,-0.05269537483,0.8110693217,37.6368276
3.2,0.1427494402,0.8128735191,0.1186633426,0.8762651347,133.3141872
3.4,0.2965670329,0.6993437508,0.2869920706,0.7796935644,235.4852429
3.6,0.4126397391,0.4391536518,0.4200610976,0.526967372,291.440366
3.8,0.4648778087,0.06956776903,0.4896296921,0.1528871885,256.9158896
4,0.4373106168,-0.3468566767,0.4771319066,-0.2819430503,141.1256946
4.2,0.3281673398,-0.7327317241,0.3778184975,-0.702391959,22.74203437
4.4,0.1516802887,-1.00762711,0.2016747533,-1.039811094,26.20206472
4.6,-0.0645063539,-1.124249942,-0.02538449055,-1.195964642,179.2502009
4.8,-0.2848665624,-1.045359613,-0.2626541489,-1.141061846,358.2720856
5,-0.4694620444,-0.7699539393,-0.4678881489,-0.8785922397,485.6899422
5.2,-0.5822599713,-0.3368328351,-0.6026003915,-0.4448896693,479.4743456
5.4,-0.5983848508,0.1827388418,-0.6389919861,0.09086906969,324.7987385
5.6,-0.5095166156,0.6968609776,-0.5654529944,0.6385143562,109.2540917
5.8,-0.3265142122,1.107891147,-0.3889597719,1.107157626,0.002999095073
6,-0.07873174019,1.33791716,-0.1334123931,1.405655357,156.3150248
6.2,0.1938428587,1.347662875,0.1562714221,1.448687388,407.9662514
6.4,0.4442270392,1.117416994,0.4291183589,1.238814066,634.0152531
6.6,0.6267981748,0.6783666974,0.6368193337,0.8056481374,710.2908052
6.8,0.7063565796,0.1020218939,0.7410435447,0.2184602992,573.6288653
7,0.6650775065,-0.511888473,0.7204520461,-0.4246255317,287.0725278
7.2,0.506505164,-1.052462587,0.5747304812,-1.015185861,37.27783096
7.4,0.2561515441,-1.414608518,0.3237305993,-1.46281196,69.08556593
7.6,-0.04425360078,-1.546839434,0.008353791947,-1.642910221,361.5923557
7.8,-0.3446292398,-1.411980003,-0.3143328093,-1.536663252,675.9887422
8,-0.5921153721,-1.02477,-0.5883821079,-1.163029233,866.2952729
8.2,-0.7418430703,-0.4483768325,-0.7657003478,-0.5829860495,812.417959
8.4,-0.7654286858,0.2179366729,-0.8142759362,0.1059039932,522.9104697
8.6,-0.6565508155,0.8560650066,-0.7238727516,0.7869171282,164.2363414
8.8,-0.4327521799,1.348053685,-0.5074850041,1.350839156,0.07374913922
9,-0.1330828311,1.608613847,-0.1980180574,1.690225115,244.4557713
9.2,0.1925496546,1.599765594,0.1479430825,1.718618833,602.596287
9.4,0.48802517,1.31076485,0.4695934709,1.450977593,895.9627763
9.6,0.7012612385,0.7893063085,0.7115951038,0.9337161942,961.6845038
9.8,0.794234163,0.1260537663,0.8322992355,0.2556821828,742.1309068
10,0.7500404374,-0.5616297161,0.8108853572,-0.4668963875,349.6284086
10.2,0.5762230733,-1.150146671,0.6507068843,-1.112830597,37.37233756
10.4,0.3041938394,-1.529162275,0.3769669565,-1.585826478,101.8453252
10.6,-0.0185968656,-1.651896806,0.03742921771,-1.75734846,452.1974919
10.8,-0.3372849695,-1.487726444,-0.3054539491,-1.621559759,801.2243925
11,-0.596257422,-1.063721145,-0.5926515128,-1.209199254,978.84596
11.2,-0.7504207004,-0.4555579934,-0.7755471278,-0.5942006248,872.0719197
11.4,-0.77343808,0.2277802645,-0.8239779722,0.1156228921,524.3083598
11.6,-0.6624922547,0.8636213713,-0.7311136901,0.7985812821,141.7864431
11.8,-0.4389711816,1.334663476,-0.5136003638,1.349404717,4.022367023
12,-0.1445705071,1.568277474,-0.2077605066,1.654925739,282.2433259
12.2,0.17013754,1.531965018,0.1279864091,1.652873592,627.9094782
12.4,0.4502611346,1.228048912,0.4343540377,1.366795769,873.6461451
12.6,0.6472385031,0.7136339309,0.6594166261,0.8526911385,878.3435359
12.8,0.727958555,0.0835537373,0.7664215744,0.2041583078,624.1270986
13,0.6806024929,-0.547415989,0.7397334653,-0.4646237941,253.0314777
13.2,0.5165997525,-1.064826121,0.5867398317,-1.04210348,11.36321224
13.4,0.2688186056,-1.375674808,0.3342506258,-1.43987816,137.4480218
13.6,-0.01781652141,-1.447543001,0.03040980141,-1.551511059,437.078895
13.8,-0.2930155229,-1.263534661,-0.2680600038,-1.389666883,694.9963432
14,-0.5086132602,-0.8616058822,-0.5097547264,-0.9936142284,775.2527885
14.2,-0.62826188,-0.3195512067,-0.6549422131,-0.4399522448,621.6022182
14.4,-0.6338647502,0.2608722566,-0.6819656265,0.1700859517,315.6812716
14.6,-0.5285071882,0.7728268542,-0.5902566926,0.7305518526,50.41975353
14.8,-0.3357715377,1.120659713,-0.3985276972,1.159524892,41.20459009
15,-0.09368041719,1.263489671,-0.1432637944,1.349414173,276.6182708
15.2,0.1542655253,1.178183881,0.1245403051,1.28838193,502.5940904
15.4,0.3636753329,0.8854220837,0.35717801,1.004929902,610.5920761
15.6,0.4986192721,0.4462951998,0.5156329659,0.5591741035,532.4400047
15.8,0.5381804673,-0.05273995261,0.5757365751,0.03705792537,307.4953675
16,0.4798815353,-0.5167008669,0.5317071982,-0.4666842644,75.4873276
16.2,0.3397152899,-0.8574813141,0.3957250278,-0.8734278379,4.857339565
16.4,0.1483757457,-1.026330254,0.1948217172,-1.096072374,167.6441244
16.6,-0.05787247978,-1.003348963,-0.02801836131,-1.097147393,341.4045994
16.8,-0.2406416142,-0.7967650286,-0.2308109316,-0.9008922764,438.6867675
17,-0.3674589777,-0.4542134061,-0.3783005241,-0.5543600981,399.5101901
17.2,-0.4180398786,-0.0476764217,-0.4472801509,-0.1290498015,242.7491127
17.4,-0.3877119213,0.3413333958,-0.4301173525,0.2935695111,67.58326012
17.6,-0.2877924641,0.6361870541,-0.3349026511,0.6426181751,0.5493992238
17.8,-0.1428199576,0.789663857,-0.1825028396,0.8478930517,108.7271189
18,0.01747035841,0.7859797203,-0.008194085187,0.8656802408,230.94405
18.2,0.1612809887,0.6290388205,0.1526608719,0.7177152268,298.3591783
18.4,0.2614558144,0.358374626,0.2704061544,0.4432072601,268.2570137
18.6,0.3011007107,0.03503898083,0.3255277482,0.1027606353,156.2234208
18.8,0.2765977234,-0.2715894657,0.3117512685,-0.2343226175,37.25412721
19,0.1979359327,-0.4962327566,0.236070061,-0.5094017107,3.068478476
19.2,0.08596437453,-0.6031720879,0.1166984505,-0.6565176248,88.1120726
19.4,-0.03443195203,-0.5783005427,-0.0162465834,-0.6485180552,170.3997904
19.6,-0.1370170806,-0.4292916365,-0.1336366935,-0.5052346944,205.6702107
19.8,-0.2003458962,-0.1938448312,-0.2117515904,-0.2637412446,168.5356336
20,-0.2124782408,0.07256403916,-0.2362386357,0.02096951872,81.32959175
20.2,-0.1733484379,0.3087611033,-0.2045445416,0.2883457692,8.78811197
20.4,-0.09477207582,0.4596372237,-0.1252168403,0.4891915875,21.35462135
20.6,0.003472660437,0.503203275,-0.0181472325,0.5582197424,94.8817055
20.8,0.0984346809,0.4269449068,0.08918150649,0.4939432726,152.2488793
21,0.1673348589,0.2477593597,0.1718212594,0.3163182157,160.8987055
21.2,0.1934121762,0.007168551003,0.2108128201,0.06576338898,110.3729012
21.4,0.1698272062,-0.2389617919,0.1969362409,-0.202584442,35.15560196
21.6,0.1013967049,-0.4315928141,0.1323558911,-0.4334330097,0.02726927329
21.8,0.003847815077,-0.5268324099,0.02955594803,-0.5707253768,55.17569963
22,-0.1015027418,-0.5057381883,-0.08658544523,-0.5679829936,127.5990587
22.2,-0.1903077077,-0.3635613957,-0.1888644811,-0.4343952709,174.0116815
22.4,-0.2405968338,-0.1271870071,-0.2532911133,-0.195794727,161.1740678
22.6,-0.2381598654,0.1541087775,-0.2633471322,0.09990178688,91.56567758
22.8,-0.1800624667,0.4187542645,-0.2135490443,0.3924142098,16.19869448
23,-0.0760072033,0.6037109085,-0.1102494905,0.6272213687,12.33180679
23.2,0.05386237421,0.6735254106,0.0280350046,0.7294827706,98.82283766
23.4,0.1840124181,0.6039959938,0.1712662609,0.677305126,188.9641368
23.6,0.2863739426,0.3991884966,0.2892107426,0.4798945119,237.9984746
23.8,0.3369830745,0.09459996395,0.3557292178,0.1708722716,207.8167396
24,0.3214447325,-0.2511160172,0.3539005718,-0.19261725,109.9390836
24.2,0.2385128944,-0.5672086609,0.279664074,-0.5415761799,15.17391143
24.4,0.1013435407,-0.7828857133,0.1422412731,-0.8147007271,25.48690364
24.6,-0.06558390505,-0.8603943899,-0.0348394084,-0.9259262748,144.3731337
24.8,-0.2316346574,-0.7718002527,-0.2161035659,-0.8567401105,269.0714818
25,-0.3635933852,-0.5236849862,-0.366103004,-0.6171642289,338.622994
25.2,-0.4331562726,-0.1571712534,-0.4541527471,-0.2462501176,301.6193572
25.4,-0.4230122326,0.2606179138,-0.4601823122,0.190494192,169.8540471
25.6,-0.3308872101,0.6487533699,-0.3788593291,0.6138352651,31.86556296
25.8,-0.1709883745,0.9252587147,-0.2202791984,0.953529501,19.1960085
26,0.02881154158,1.04338007,-0.01001881879,1.113739163,171.2255418
26.2,0.2335078284,0.9706052078,0.2112803803,1.06442632,341.602773
26.4,0.4044093736,0.7094580554,0.4023268761,0.8149562268,452.6763826
26.6,0.5074811165,0.3021925119,0.5265280612,0.4055152393,430.5960758
26.8,0.5203389201,-0.1786970542,0.558546179,-0.09312072988,273.9357469
27,0.4370743261,-0.6434638396,0.4892230891,-0.5926408193,78.44136233
27.2,0.270180593,-0.9996347032,0.3271525104,-1.009712559,1.614669088
27.4,0.04888950589,-1.18262075,0.09695634163,-1.251544983,162.9643676
27.6,-0.188894637,-1.158302408,-0.1577222072,-1.256149787,377.8488178
27.8,-0.3999592027,-0.918366857,-0.3901948214,-1.032375762,545.3220474
28,-0.5443361298,-0.5010460191,-0.5578036073,-0.6167751245,565.2781908
28.2,-0.5933920858,0.02031052067,-0.6288330464,-0.08086944153,409.4744713
28.4,-0.5356163084,0.5504370906,-0.58838797,0.4813495149,163.8928053
28.6,-0.3793511654,0.9888404737,-0.4410581872,0.9730854764,4.718500476
28.8,-0.1522323774,1.25014252,-0.2088349416,1.310485437,118.44129
29,0.1064950424,1.297951874,0.0658605788,1.394209852,363.2855818
29.2,0.351130898,1.110210196,0.3321032147,1.227740499,586.6237583
29.4,0.5367373107,0.7161893343,0.5421356198,0.8402962792,668.5141485
29.6,0.6284107138,0.1851504352,0.6579181521,0.2992463524,546.321447
29.8,0.6080597482,-0.3866269857,0.6579067098,-0.300384201,279.0838152
30,0.4781312978,-0.8931057815,0.5408420329,-0.8543742553,40.86533509
30.2,0.2619189878,-1.234893426,0.3248061154,-1.2775239,51.44325047
30.4,-0.001931276051,-1.364722122,0.04715872759,-1.454073747,303.8406638
30.6,-0.2675790991,-1.250906298,-0.2392326059,-1.366648235,565.4286227
30.8,-0.487014009,-0.9093679094,-0.4832429602,-1.036777268,712.0052345
31,-0.6201254373,-0.4008977618,-0.6416399142,-0.5234570169,648.6802426
31.2,-0.6423797125,0.1819696754,-0.6864420262,0.0820960224,396.9010462
31.4,-0.5495460488,0.7318520673,-0.6097559422,0.6735699763,108.9643167
31.6,-0.3588368618,1.143661826,-0.4244651681,1.156427437,2.847737116
31.8,-0.1059026741,1.349890687,-0.161282386,1.427972869,219.8490838
32,0.1651152518,1.318784281,0.1287241738,1.428041173,492.3537158
32.2,0.4056131614,1.049286453,0.3929617273,1.174890238,688.0286817
32.4,0.5721413603,0.5906652815,0.5849170863,0.7165100809,691.2014733
32.6,0.6348748828,0.02764278898,0.6713933258,0.1362347054,485.1924052
32.8,0.5831882331,-0.5355149784,0.6381828263,-0.462474394,187.3070714
33,0.4277097487,-0.9934940523,0.4920432452,-0.9778046511,4.671488523
33.2,0.198835796,-1.261432946,0.257626314,-1.324924966,133.8215136
33.4,-0.06210812243,-1.307940648,-0.01993151331,-1.407309898,392.1072126
33.6,-0.3084163682,-1.11730168,-0.2883687096,-1.236779441,610.2235764
33.8,-0.4955587796,-0.7258890071,-0.5001437949,-0.8500297625,668.9513289
34,-0.5902860065,-0.2079745364,-0.618769734,-0.3199327412,522.0765925
34.2,-0.5767990445,0.3390144764,-0.6249947613,0.2568273891,248.6157367
34.4,-0.4596090323,0.8124731166,-0.5197139351,0.7791632666,28.45603763
34.6,-0.2629699583,1.12127151,-0.3220514024,1.167620674,62.87826774
34.8,-0.02434251692,1.228249593,-0.06949721235,1.316040156,291.2559432
35,0.2131960572,1.110199219,0.1880965492,1.220608912,504.9138525
35.2,0.4062291735,0.7908266333,0.4042636212,0.9091977584,596.746473
35.4,0.5202486868,0.3331439862,0.5414313099,0.4435078663,504.4111822
35.6,0.5361344321,-0.1745397231,0.5771988404,-0.08890283855,274.4012353
35.8,0.4535712575,-0.6354456627,0.5078522605,-0.5920280272,53.75251668
36,0.2911151763,-0.9594876459,0.3476473819,-0.9881524574,19.84439294
36.2,0.08170692232,-1.102273562,0.1269567505,-1.178660935,208.5699697
36.4,-0.1359557205,-1.039736335,-0.1085851648,-1.139852169,399.2148058
36.6,-0.3212745363,-0.7847808255,-0.3151531189,-0.8947625539,500.2294971
36.8,-0.4405000453,-0.390185894,-0.4561222887,-0.4950575355,446.2511602
37,-0.4732626054,0.06535158146,-0.5080389491,-0.01866650256,262.1166788
37.2,-0.4162518137,0.4927123399,-0.4644049759,0.4457792328,64.79631903
37.4,-0.2837078894,0.80712618,-0.335739996,0.8227420782,4.619135721
37.6,-0.1041969709,0.9598874319,-0.1470430037,1.026836592,151.9806589
37.8,0.08787349628,0.929267847,0.06098502031,1.019650214,312.3207957
38,0.2555980122,0.7211954753,0.2480415578,0.8219000596,404.8724058
38.2,0.3674687938,0.3807371041,0.3799274816,0.4777630558,370.280624
38.4,0.4037310615,-0.02177658088,0.4339982351,0.05679082232,223.1422244
38.6,0.3600525531,-0.4050301887,0.4029294719,-0.3601199291,58.2947385
38.8,0.2482188883,-0.6907855316,0.2950941708,-0.7022877961,2.217583831
39,0.09345636133,-0.8318379869,0.1321876908,-0.8927574944,121.17564
39.2,-0.07340955384,-0.8083051096,-0.04926389221,-0.8911004216,253.0543414
39.4,-0.219070349,-0.6240010039,-0.2126457726,-0.7163189228,328.6142667
39.6,-0.3149561025,-0.3196961028,-0.3268570659,-0.4083469304,298.1526723
39.8,-0.3432289805,0.04005274467,-0.371330639,-0.03093938994,174.9462201
40,-0.3002477908,0.3802499414,-0.3395842558,0.3414136414,41.13114835
40.2,-0.1972657978,0.6284430911,-0.2395289365,0.6444731458,4.918628361
40.4,-0.0577212957,0.7436096605,-0.09172510588,0.8025452487,111.919637
40.6,0.08988018415,0.7061883362,0.06981571824,0.7846845504,222.6572849
40.8,0.2149031086,0.5220826534,0.2115304368,0.6084949911,280.402454
41,0.2915509914,0.2312935236,0.3052041785,0.3129329991,244.6586039
41.2,0.3044262391,-0.1040958002,0.3328051706,-0.04077673276,132.948311
41.4,0.25170811,-0.4127030889,0.289741256,-0.3820395456,23.32886505
41.6,0.1457306994,-0.6261906495,0.1848141259,-0.6515877411,14.84162884
41.8,0.009701800822,-0.7106673783,0.0396342735,-0.7712628965,119.6347124
42,-0.1284911591,-0.6461483895,-0.1125986626,-0.7241427572,219.2561478
42.2,-0.2394519992,-0.4430699158,-0.2399714272,-0.5272084464,263.0194197
42.4,-0.299239745,-0.1435091223,-0.3161614514,-0.221196079,217.1878175
42.6,-0.2945970341,0.1896565323,-0.3252872379,0.1319738716,106.2939834
42.8,-0.2258845644,0.4853736819,-0.2649023487,0.4625601352,11.47262344
43,-0.1074916809,0.6773804838,-0.1455162229,0.7119523857,31.1125676
43.2,0.03630576344,0.7358490333,0.008602768976,0.800671379,140.649885
43.4,0.1765241595,0.6409471567,0.1635816111,0.7219646644,240.2090191
43.6,0.2833989074,0.4077737857,0.287349961,0.4936657962,276.3672924
43.8,0.3334210389,0.08210795739,0.3539746779,0.1599886733,218.4901407
44,0.3144736811,-0.2698314418,0.3486461753,-0.2139256759,98.6042975
44.2,0.2286688933,-0.5742318896,0.2705472181,-0.5561874926,6.534640461
44.4,0.09261977274,-0.7640178244,0.1320790068,-0.8050749269,47.0036856
44.6,-0.0674225319,-0.8095767174,-0.039392946,-0.8797139118,169.9323781
44.8,-0.2201723685,-0.6909851781,-0.2079817033,-0.7774352149,280.6961381
45,-0.3340160031,-0.4264361498,-0.3397870627,-0.5174970843,317.9779805
45.2,-0.3842787582,-0.06559036694,-0.4076165625,-0.1478476517,249.1256742
45.4,-0.3585409684,0.3206620595,-0.3962420073,0.2618064309,111.5555561
45.6,-0.2595815993,0.6535721329,-0.3053658148,0.6349149069,7.079995359
45.8,-0.1056531357,0.8616133696,-0.1487530374,0.9055626542,55.34575845
46,0.07470460631,0.9127664808,0.04379744063,0.9875959481,198.5063337
46.2,0.2474347128,0.785136584,0.2334566671,0.8777237422,330.9190813
46.4,0.3780127185,0.4974338172,0.3833287727,0.5955922767,380.7382954
46.6,0.4391727339,0.1019878169,0.4635230373,0.1917166721,306.9284202
46.8,0.4166358053,-0.3257330391,0.4568259933,-0.2596943432,147.0673854
47,0.3123789846,-0.7011373208,0.362014242,-0.6760333026,14.43390292
47.2,0.1451067181,-0.9452715583,0.1931641294,-0.9874170097,50.04972602
47.4,-0.05469321231,-1.021482581,-0.01898098853,-1.09885632,215.0921737
47.6,-0.2504532434,-0.903883165,-0.2324419476,-1.001561642,376.2853498
47.8,-0.4043113466,-0.6084769503,-0.4068303418,-0.7138319678,451.2035793
48,-0.4854455191,-0.1879770479,-0.5086080989,-0.2865112326,384.2453547
48.2,-0.4763792506,0.2789809594,-0.5172563736,0.2030915423,205.3217324
48.4,-0.3767685765,0.7023563311,-0.4291397434,0.6665015545,33.9557127
48.6,-0.2042249046,0.9949804727,-0.2573885605,1.028990078,29.91188783
48.8,0.00971935543,1.112173439,-0.03177391947,1.188964365,211.2242431
49,0.226811234,1.02389214,0.2032429112,1.124295461,401.9716131
49.2,0.4061384979,0.7398681353,0.4039452581,0.8509015622,511.7866878
49.4,0.5129927701,0.3103524213,0.5328489402,0.4172054755,466.7546533
49.6,0.5258426863,-0.1852223903,0.5653085887,-0.09876312649,280.7680462
49.8,0.4407675097,-0.6529229965,0.4940522342,-0.6042845315,70.59137872
50,0.2727548296,-0.9992820786,0.3299738212,-1.016917253,6.184596984
50.2,0.05300357291,-1.166389,0.1002446748,-1.239113435,185.367185
50.4,-0.1796064991,-1.12298868,-0.1498686838,-1.223073178,398.9149925
50.6,-0.3820579934,-0.8690064041,-0.3739722947,-0.9831178096,546.4994524
50.8,-0.5160939229,-0.4494008252,-0.5310062252,-0.5626399338,536.5268498
51,-0.5558973421,0.0584064328,-0.5920134836,-0.03757717553,360.8053543
51.2,-0.4932122136,0.5589810057,-0.5453615488,0.4976452724,123.1721574
51.4,-0.339255625,0.9555481907,-0.3984881099,0.9514085775,0.1908549517
51.6,-0.1231990988,1.174109133,-0.1752723208,1.239370654,142.9477283
51.8,0.1164071393,1.184496576,0.08079148611,1.281189193,367.2349084
52,0.3358458212,0.9751236124,0.321544187,1.089263167,546.8230542
52.2,0.4942156277,0.5833344275,0.5032707042,0.7001515627,578.116978
52.4,0.5618187418,0.08186357617,0.5931545245,0.1850436023,429.1701626
52.6,0.525920109,-0.4350841295,0.5750983408,-0.3627878827,182.7585923
52.8,0.3933478907,-0.8689504243,0.4523156711,-0.8473347819,10.079606
53,0.1898129529,-1.135164737,0.2451539356,-1.189759928,93.14735727
53.2,-0.04740213751,-1.200144473,-0.006953810558,-1.290882843,315.2813846
53.4,-0.2753406287,-1.043288994,-0.2553198544,-1.154550431,514.3126321
53.6,-0.4517242776,-0.6927985316,-0.4548169206,-0.8101167844,584.0868211
53.8,-0.5438958657,-0.2146777144,-0.5697325747,-0.3220325513,472.0324762
54,-0.5350996396,0.3006248121,-0.5800036497,0.2201868615,236.1056567
54.2,-0.4277262536,0.7550336415,-0.4845286687,0.7198955796,32.34943707
54.4,-0.2432745763,1.058552389,-0.2999598299,1.099461995,46.59944345
54.6,-0.01682264332,1.171086034,-0.060550739,1.254198149,255.3844171
54.8,0.2105806117,1.066951846,0.1859985276,1.173050145,458.8811417
55,0.3966534164,0.764554378,0.3944301137,0.8795735179,556.9911281
55.2,0.5070045552,0.3220961951,0.527392347,0.430494347,483.1172088
55.4,0.5217866361,-0.1755856977,0.5618208744,-0.09031875003,271.5649526
55.6,0.4394612991,-0.6331279151,0.4928031605,-0.5884122946,57.69022431
55.8,0.2772842624,-0.9596959501,0.3333747629,-0.9850392618,14.7663132
56,0.06741994354,-1.106980516,0.1126637692,-1.181885663,198.9885015
56.2,-0.1516455699,-1.048636948,-0.1240770294,-1.148229254,394.222932
56.4,-0.3388388386,-0.7936761118,-0.332528849,-0.9042998761,507.2665656
56.6,-0.4593061879,-0.3925170701,-0.4749894602,-0.4992280495,465.2665759
56.8,-0.4912931156,0.07649958773,-0.5266026119,-0.01034600597,283.7884346
57,-0.4302620486,0.5223230929,-0.4795799459,0.4719731248,76.70047955
57.2,-0.2898061157,0.8564763463,-0.3437595983,0.8677622728,2.118796882
57.4,-0.09891724259,1.023453005,-0.1440081976,1.090699263,153.6043408
57.6,0.1066476485,0.9987928696,0.07779431971,1.091620651,332.9868879
57.8,0.2878322012,0.7839392097,0.2789990823,0.8890497725,448.6950386
58,0.4103893735,0.422538891,0.4226254422,0.5256267369,428.2505367
58.2,0.4518471047,-0.01339413058,0.4832243931,0.07232335169,275.0214548
58.4,0.405805979,-0.4377904549,0.4512697483,-0.3853829117,84.43939692
58.6,0.2831648434,-0.7658328172,0.3341849833,-0.7682675444,0.05339255951
58.8,0.1100672643,-0.9385484965,0.1537112176,-0.9997062563,122.3161394
59,-0.08025512145,-0.9331490695,-0.05164670936,-1.019994582,283.7878001
59.2,-0.2510184611,-0.7464493017,-0.2412672612,-0.8460111274,393.9334364
59.4,-0.3692582553,-0.4170551398,-0.37955983,-0.5156256392,384.5853147
59.6,-0.4127463049,-0.01174508813,-0.4414362749,-0.09454269755,253.0711943
59.8,-0.3743252711,0.3880658942,-0.4167238662,0.3364112392,81.55727673
60,-0.2633117875,0.7012176957,-0.3114243757,0.7005931083,0.002039030161
60.2,-0.1037977916,0.8689696517,-0.145289264,0.9263207733,104.8336236
60.4,0.07300516761,0.8692006221,0.04572917475,0.95166772,250.6534625
60.6,0.2322948152,0.6968974561,0.2229727509,0.7918865602,351.8982442
60.8,0.342574055,0.3876780564,0.3524110088,0.4819608755,345.6512588
61,0.3824214627,0.004789239594,0.4098547547,0.08402267128,227.7090643
61.2,0.3447748572,-0.3738382865,0.3853088443,-0.3246385722,72.56215851
61.4,0.238400692,-0.6699174561,0.2842962677,-0.6703667789,0.0009249969092
61.6,0.0863282284,-0.8268605105,0.125663092,-0.8828280327,98.86591544
61.8,-0.08149060218,-0.8225678739,-0.05599154014,-0.9027208075,234.1028027
62,-0.2315357166,-0.6520730971,-0.2234713676,-0.7442392512,327.3192277
62.2,-0.3334810285,-0.3499134148,-0.3439856434,-0.4411639118,319.5689474
62.4,-0.3667985207,0.02229080541,-0.3942927876,-0.05394281332,207.5638348
62.6,-0.3249717627,0.388397785,-0.3649836309,0.34201943,62.9733528
62.8,-0.2169739204,0.6715386837,-0.2617749902,0.6754065951,0.1621599686
63,-0.0656803684,0.8176826403,-0.1035380844,0.8742007813,101.2163994
63.2,0.09932600128,0.8039629087,0.07532357536,0.883882505,232.4705137
63.4,0.2448992814,0.6263820628,0.2382375331,0.717864076,321.518311
63.6,0.3412138579,0.3197383521,0.3529475556,0.409947165,310.8833926
63.8,0.3682693855,-0.05429100074,0.3967510104,0.02056381586,198.667763
64,0.3200831592,-0.4195405506,0.3607666628,-0.3749756203,57.22473047
64.2,0.206180373,-0.6988318001,0.2511867561,-0.7061573747,0.7509656263
64.4,0.04992391689,-0.8395285089,0.0875015724,-0.8976428676,108.2132101
64.6,-0.1186480542,-0.8173474983,-0.09521925336,-0.898683069,242.4785037
64.8,-0.2658614369,-0.6290841483,-0.2600517978,-0.7219281241,333.1263225
65,-0.3615201949,-0.3103237684,-0.3743663272,-0.4017521701,321.0662877
65.2,-0.3854472254,0.07608649361,-0.4152575093,0.0003242409693,204.4969852
65.4,-0.3317562421,0.4524343858,-0.3738972629,0.4075470725,58.22328011
65.6,-0.2104085343,0.7396713106,-0.2568274229,0.748066689,1.041589645
65.8,-0.04553481551,0.8840002807,-0.08424941994,0.9437319637,115.5823187
66,0.1318138462,0.8596000968,0.1076374319,0.9432127452,259.0912532
66.2,0.2867268069,0.6627762779,0.2806842083,0.758463267,358.135138
66.4,0.3877676141,0.3295632955,0.4009898895,0.4241989187,348.7636
66.6,0.4137137723,-0.07568619506,0.4445549054,0.003361854085,226.4325071
66.8,0.3580341763,-0.4727958464,0.4018424943,-0.4248869288,68.07682012
67,0.2306022963,-0.7797719209,0.2792627665,-0.7851633902,0.3598297919
67.2,0.05619367162,-0.9384031669,0.09733508088,-0.9987847576,118.6235508
67.4,-0.132939955,-0.9216623573,-0.1066286455,-1.007458982,275.6312729
67.6,-0.3002787952,-0.7233442388,-0.2926668166,-0.8224695972,389.8014486
67.8,-0.4124647085,-0.3788498064,-0.4249121971,-0.4779477667,389.5429226
68,-0.4463929162,0.04643873391,-0.4774286184,-0.03778236302,263.6392968
68.2,-0.3940177832,0.4697345322,-0.4390979078,0.4162678846,88.59293535
68.4,-0.2643356702,0.8056427368,-0.3154557686,0.8037070319,0.03079030327
68.6,-0.08223837432,0.9886719343,-0.1266838832,1.047910263,113.3043838
68.8,0.1189750152,0.9908118257,0.08938658866,1.077815186,285.0273068
69,0.3012153299,0.8012787185,0.2907569468,0.9034760881,419.425975
69.2,0.4288478745,0.4532529263,0.4392349858,0.5571026656,435.8860652
69.4,0.476256466,0.01199176251,0.5063288315,0.1023815418,312.3822744
69.6,0.4330723036,-0.4377289878,0.4785410549,-0.3769367073,120.5691629
69.8,0.3065427159,-0.8070497169,0.3596794525,-0.7953501574,2.30997258
70,0.120836455,-1.022353448,0.1688937099,-1.078046378,97.70576153
70.2,-0.09011553532,-1.0535008,-0.05656461471,-1.140111134,281.9468937
70.4,-0.2870854963,-0.8839810481,-0.272817322,-0.9880795443,438.3961119
70.6,-0.4321971611,-0.5429594522,-0.4393765363,-0.650910242,478.3458137
70.8,-0.4970232149,-0.0939956018,-0.5249157453,-0.190530607,365.7998961
71,-0.4682876307,0.3773821692,-0.5129946559,0.3085655644,162.3542947
71.2,-0.3507101262,0.779450157,-0.4049193606,0.7569040651,11.15246978
71.4,-0.1667872468,1.031041321,-0.2181688526,1.080324173,72.8567848
71.6,0.04953069462,1.098139236,0.01187604108,1.182490135,264.6155215
71.8,0.2585747423,0.9585151009,0.2400013049,1.062845717,440.7458681
72,0.4206348388,0.6355916713,0.4238050684,0.746275979,507.9331146
72.2,0.5045488262,0.189564147,0.5292284031,0.291317591,415.0666898
72.4,0.4938802949,-0.2948745012,0.5366614313,-0.2184034625,209.1186538
72.6,0.3902820619,-0.724319014,0.4443735279,-0.6910102462,28.45381866
72.8,0.213740435,-1.011805404,0.2676397813,-1.051396065,43.07473435
73,-0.002509322304,-1.117269528,0.0388720418,-1.197583032,235.2299232
73.2,-0.2191364139,-1.01421792,-0.1962766217,-1.116972585,424.9361817
73.4,-0.3952907968,-0.718868754,-0.3941120594,-0.8305304412,518.7642568
73.6,-0.4974957073,-0.2866106072,-0.5182886745,-0.3920250711,451.8148391
73.8,-0.5062644312,0.2003230516,-0.5461657003,0.1174278296,253.7878331
74,-0.4199724813,0.6483522797,-0.4727746078,0.6053449469,52.54144632
74.2,-0.2555496727,0.9673085337,-0.3107917117,0.9938373381,16.47868022
74.4,-0.044752272,1.108750977,-0.08907718312,1.183624726,198.7883801
74.6,0.1740980156,1.044659951,0.1474364088,1.14422678,393.9809454
74.8,0.3598548867,0.7830512458,0.3544690617,0.8938952161,509.6933597
75,0.4773928189,0.3735369133,0.4940745892,0.4807660708,470.7073118
75.2,0.5046056596,-0.1054683097,0.5410390041,-0.01792081098,289.3243476
75.4,0.436728947,-0.5617289402,0.4873064116,-0.5107909699,78.86783643
75.6,0.2874727886,-0.9045355656,0.342744577,-0.9160191916,2.208969374
75.8,0.08645218041,-1.075796815,0.132698478,-1.144389661,161.0902194
76,-0.1294615653,-1.048616601,-0.09982675002,-1.143840239,353.9871132
76.2,-0.3196536923,-0.8226983512,-0.3106200317,-0.9312000827,484.225889
76.4,-0.4481213385,-0.4415139722,-0.4609174555,-0.5487637442,470.9245226
76.6,-0.4907874097,0.02120730721,-0.5236015935,-0.06903345777,311.1477348
76.8,-0.4401812913,0.4758150947,-0.4879762826,0.4190898532,102.1088178
77,-0.3069916488,0.8327105127,-0.3611541673,0.830981345,0.02348600026
77.2,-0.1183099457,1.025939385,-0.1654079563,1.088059838,126.9881124
77.4,0.09065864002,1.029933494,0.05905556466,1.120270442,311.9442538
77.6,0.2804702627,0.8374404783,0.2686361458,0.9425744017,448.9344076
77.8,0.4149707485,0.4860424931,0.4244797674,0.5918614868,455.987256
78,0.4688393681,0.04452250629,0.4983057954,0.1356462696,318.5047791
78.2,0.4325232901,-0.4008059909,0.4774106743,-0.3404699574,118.4088639
78.4,0.3141474882,-0.7620078191,0.3665119074,-0.7517712711,1.676364534
78.6,0.1383085658,-0.9692033476,0.1853283537,-1.025327894,99.53293931
78.8,-0.06150960897,-0.9963927697,-0.02893385347,-1.081948051,273.7741074
79,-0.2473588363,-0.8316849003,-0.2336900028,-0.9330474613,411.2502551
79.2,-0.383482876,-0.5075359243,-0.3905395984,-0.6110210487,432.222154
79.4,-0.4439792984,-0.08811278851,-0.4707037471,-0.1787349269,314.3129931
79.6,-0.4178907175,0.3437769079,-0.4601503237,0.2817213811,126.6698101
79.8,-0.3113848061,0.702253661,-0.361759574,0.6868774869,4.450777599
80,-0.1469319745,0.9159164715,-0.1932387698,0.9671244669,79.8749611
80.2,0.04357885399,0.9578750387,0.0108409877,1.03932132,243.2713856
80.4,0.2236896014,0.8133872043,0.209087112,0.9112049959,377.5746678
80.6,0.3583275067,0.510877719,0.3638307392,0.6117739637,406.7241931
80.8,0.4214847057,0.1106870755,0.4462639911,0.2000367948,303.8251086
81,0.4013936696,-0.3075011021,0.4416123361,-0.2450725999,128.504696
81.2,0.302895747,-0.6598273154,0.3515144608,-0.6417292343,6.581396728
81.4,0.1468861073,-0.8746377862,0.1922366232,-0.9223848624,67.52619501
81.6,-0.03602692297,-0.9242291403,-0.003614054906,-1.002624701,221.972685
81.8,-0.2105972866,-0.7921959734,-0.1957304637,-0.8872229648,352.2351965
82,-0.3424305042,-0.5041111086,-0.3471640136,-0.6027957712,385.6551939
82.2,-0.4056299065,-0.1175233021,-0.4292789584,-0.20552137,292.9108973
82.4,-0.3880189173,0.2902168574,-0.4269424875,0.2280477399,127.2269995
82.6,-0.2936412449,0.6367729219,-0.3410478765,0.6174658488,7.686337578
82.8,-0.1423935127,0.8505983078,-0.1869528958,0.8963150338,60.83875108
83,0.03595546666,0.9032925341,0.003955023764,0.9798315818,209.5652796
83.2,0.2069160441,0.7773831372,0.1921016345,0.8707050244,337.2565794
83.4,0.3365111897,0.4965826793,0.3409900954,0.5939360529,373.2866122
83.6,0.3988963762,0.1166797602,0.4220767946,0.2038921307,286.673414
83.8,0.3816307958,-0.2863233951,0.4199928765,-0.2242820154,126.6005155
84,0.2882875764,-0.6307852855,0.3351827167,-0.6108011284,8.349221997
84.2,0.1382299702,-0.8448970788,0.1825054369,-0.8895643712,57.54069552
84.4,-0.03914254784,-0.8994492847,-0.007247251294,-0.9751938302,204.3822957
84.6,-0.2095811265,-0.7759914116,-0.194735836,-0.8687704532,332.5674316
84.8,-0.3390948735,-0.4969517292,-0.3434698054,-0.5941323451,371.6987955
85,-0.4015976669,-0.1171573809,-0.424681969,-0.2046249462,288.6907649
85.2,-0.3842665089,0.2877991704,-0.4226261335,0.2250817207,129.936791
85.4,-0.2902770055,0.636021465,-0.3373459564,0.6149260584,9.507163535
85.6,-0.1387149823,0.8545614089,-0.1834194664,0.8984371477,55.12373833
85.8,0.04099386079,0.9129844291,0.00859198314,0.9886334263,203.7640769
86,0.2143858357,0.7915615233,0.1990667527,0.8847713003,336.2850229
86.2,0.3469676161,0.5114790487,0.3510102951,0.609644525,380.8036198
86.4,0.4119688158,0.1270030058,0.4349708868,0.2159737524,300.7415016
86.6,0.3958509069,-0.2860048482,0.4344726513,-0.2213671003,139.6905152
86.8,0.3012137617,-0.6445456288,0.3489647688,-0.621134974,12.20653904
87,0.1468660722,-0.873435587,0.1927399984,-0.9159633723,51.14634923
87.2,-0.03750288256,-0.9403167186,-0.003833967622,-1.016060926,204.380104
87.4,-0.2169174007,-0.8236602258,-0.2004414098,-0.9178699594,345.0085535
87.6,-0.3559525117,-0.5429235615,-0.3591262995,-0.6429606343,398.4614769
87.8,-0.4266720395,-0.1517412055,-0.4492598038,-0.2433645321,322.7115683
88,-0.4143612279,0.2734814392,-0.4531645864,0.2055642938,157.3079304
88.2,-0.3206687748,0.6480827149,-0.3693141099,0.6207614725,17.6848373
88.4,-0.1638787102,0.8936814524,-0.211510059,0.9335018206,43.67698498
88.6,0.02602436164,0.975002426,-0.009641193312,1.050493281,202.7432604
88.8,0.2134693068,0.8682486301,0.1950781106,0.9635088222,354.3133265
89,0.3618272702,0.5902268615,0.3634213423,0.6925583737,420.7484658
89.2,0.4415863796,0.1934272913,0.4631701118,0.2884896268,352.5497018
89.4,0.4363756053,-0.2453836762,0.4749637088,-0.1730452508,183.0145943
89.6,0.3464105238,-0.6397214035,0.3958195072,-0.6069505776,27.36337913
89.8,0.189014188,-0.9075312886,0.2386970679,-0.9425197426,32.01985841
90,-0.005716540892,-1.00924748,0.03248768672,-1.08367817,195.9769117
90.2,-0.2017449659,-0.9187532737,-0.1807711476,-1.014604733,359.6142972
90.4,-0.361184686,-0.6489915405,-0.3604738185,-0.7535038647,442.5904252
90.6,-0.4526983609,-0.2504680481,-0.4725674781,-0.3492349713,386.4271743
90.8,-0.4578639423,0.2002854711,-0.4956198886,0.1228493049,215.5089067
91,-0.3749813651,0.6152311463,-0.4247162793,0.5758926549,42.41920085
91.2,-0.2198874091,0.9088853635,-0.2715445029,0.9362372248,17.73244107
91.4,-0.02241403258,1.035580179,-0.06341081637,1.107846872,182.5793427
91.6,0.181223963,0.9675690381,0.157220171,1.063160194,357.2749009
91.8,0.3520640641,0.7125976619,0.3484548807,0.8186919084,458.8390779
92,0.456904081,0.3181913428,0.4743760582,0.4203813701,419.3536593
92.2,0.4750418058,-0.1402375355,0.5112638049,-0.05760549308,251.8583595
92.4,0.4024768978,-0.5737441028,0.4518965838,-0.5273382068,63.06313986
92.6,0.253063932,-0.8943686799,0.3062435572,-0.9109930263,5.367684651
92.8,0.05584428782,-1.048333657,0.09956722025,-1.117227589,162.7924796
93,-0.1531421029,-1.007657436,-0.1259521435,-1.101929344,345.5552609
93.2,-0.3342431309,-0.7736845222,-0.3273784738,-0.8804215984,465.5397033
93.4,-0.4525674712,-0.3899950824,-0.4671159552,-0.4948697215,446.2817739
93.6,-0.4851107407,0.0701181836,-0.5191517268,-0.01725316569,287.9291945
93.8,-0.4253574715,0.5177018222,-0.4737553332,0.4643783704,88.02454947
94,-0.2848164655,0.863551619,-0.3387776087,0.8673969903,0.1599012549
94.2,-0.09114699503,1.044655544,-0.1372405886,1.109038042,138.3702633
94.4,0.1201194509,1.033912223,0.08988681508,1.125803683,324.9827922
94.6,0.3091584712,0.8256724533,0.2989661102,0.9319670969,460.9218675
94.8,0.4397420399,0.4588010397,0.4510819539,0.5653322089,463.3872334
95,0.4867459641,0.003539472472,0.5181283997,0.09476688994,319.3749972
95.2,0.4411276474,-0.4521330278,0.4878681662,-0.3925972251,114.6747262
95.4,0.3118703606,-0.8184336678,0.3657768378,-0.8108742464,0.8097902381
95.6,0.1247391038,-1.024878294,0.1726382174,-1.083810301,111.9033145
95.8,-0.08553846813,-1.044037415,-0.05265986042,-1.132668769,297.9955124
96,-0.2794996063,-0.8640169501,-0.2661842341,-0.9688364072,445.7184123
96.2,-0.4200381681,-0.51849868,-0.4281578158,-0.6255687975,469.0335082
96.4,-0.4802537078,-0.07396813551,-0.5087407324,-0.1679302227,342.8359633
96.6,-0.4487578948,0.3834623035,-0.493383842,0.3188014601,139.810335
96.8,-0.3320161071,0.7640116891,-0.3851521234,0.7474249898,5.338557579
97,-0.1536059951,0.9922200167,-0.2026445374,1.045051568,86.08828689
97.2,0.05281561435,1.038799787,0.01785422044,1.123605569,268.0532728
97.4,0.2485827795,0.8869646845,0.2325694312,0.9894962265,422.7250395
97.6,0.3961894648,0.5650904738,0.401330167,0.6716852357,464.051385
97.8,0.4673917165,0.1355306399,0.4930068975,0.2310743299,356.8492798
98,0.4487832724,-0.3181265285,0.4910773183,-0.2495993391,160.720401
98.2,0.3444945686,-0.7067925226,0.3963570327,-0.6830887004,12.576625
98.4,0.1758588234,-0.9519201831,0.2253886608,-0.9983708142,63.20914077
98.6,-0.02471954483,-1.021652081,0.01170369749,-1.102445298,238.616107
98.8,-0.2196456138,-0.8956971861,-0.2014885628,-0.9954598159,395.8429678
99,-0.3714267922,-0.5973314696,-0.3740185192,-0.7026943328,451.2842255
99.2,-0.4509132429,-0.1847585494,-0.4739106992,-0.2808879696,362.1222202
99.4,-0.4430825729,0.2612912027,-0.4830777901,0.1901150166,176.0367376
99.6,-0.3500417448,0.652940496,-0.4003837715,0.6238551669,20.55027115
99.8,-0.1910262042,0.9100306385,-0.2405273095,0.9502624486,44.76792619
100,0.002868319338,0.997847467,-0.03444947988,1.074810175,212.3600514
100.2,0.1952088031,0.8938774507,0.1754833937,0.9907645661,369.0102775
100.4,0.348798376,0.6167715071,0.3493654148,0.7204989632,434.655265
100.6,0.4339449903,0.2208805408,0.4547390703,0.3169009578,361.1375195
100.8,0.4344043996,-0.2159162952,0.4723470225,-0.1430821571,186.0389862
101,0.3506290918,-0.6071875903,0.3994588398,-0.5741978328,27.80416751
101.2,0.2000418623,-0.8721489774,0.2492035905,-0.9067545153,31.18526585
101.4,0.01250687806,-0.9732575989,0.05030108251,-1.046863232,190.803585
101.6,-0.1766272119,-0.8867317834,-0.155823581,-0.9809826683,345.3703472
101.8,-0.3305751613,-0.6272335967,-0.3296294753,-0.729300439,418.1414586
102,-0.4193344958,-0.245770955,-0.43840369,-0.3413690385,357.3370489
102.2,-0.4257522225,0.1823333444,-0.4620269795,0.1084730336,192.3918694
102.4,-0.3489750743,0.572024096,-0.3965104601,0.5362214056,33.83744728
102.6,-0.2049526219,0.8423601221,-0.253707903,0.8721735843,21.80669218
102.8,-0.02250296037,0.9531505154,-0.06056805879,1.024033415,174.3008641
103,0.163906676,0.8798823731,0.1423439871,0.9719911699,326.8305628
103.2,0.3178540609,0.6338720751,0.3157957788,0.7345860735,404.9632491
103.4,0.4090993085,0.2633696085,0.4268827854,0.358620193,354.2275688
103.6,0.4197610504,-0.158381951,0.454794642,-0.08370507714,197.5362066
103.8,0.3479405691,-0.547383082,0.3945299966,-0.5093780033,39.04990005
104,0.2084238099,-0.8225611432,0.2569282255,-0.8483198456,15.35385924
104.2,0.02922332765,-0.9411753632,0.06758646147,-1.009972571,162.2444852
104.4,-0.15580472,-0.8781817226,-0.1335818878,-0.9687625698,313.969389
104.6,-0.3104248451,-0.6420288375,-0.307468744,-0.7419248575,397.1144085
104.8,-0.4040813768,-0.2787266476,-0.420888072,-0.3740264693,354.6671886
105,-0.4181915109,0.140038254,-0.4523532431,0.06434923291,204.0229071
105.2,-0.3499377082,0.5308563527,-0.395962292,0.4907514947,44.42963649
105.4,-0.2131541522,0.8122541659,-0.2617166155,0.8342540081,10.51494392
105.6,-0.03527622877,0.9387436616,-0.07416961659,1.005941072,153.3366921
105.8,0.1501754151,0.8847837349,0.1271683026,0.9744189323,306.1600994
106,0.3069094481,0.656132384,0.3030522208,0.7558268799,395.1944488
106.2,0.4038623694,0.2968914296,0.4198108447,0.3928327855,360.4242837
106.4,0.4216355961,-0.1223737404,0.4551549724,-0.045166205,213.984962
106.6,0.3564709588,-0.5183629166,0.4022469595,-0.4758127208,51.21105829
106.8,0.2213244686,-0.8088191646,0.2703068029,-0.8266969926,6.390802664
107,0.04320671849,-0.9449055858,0.08299842118,-1.01072002,145.8716041
107.2,-0.1444721608,-0.9006234256,-0.1203775151,-0.9897257313,301.8098859
107.4,-0.3051271506,-0.6788595039,-0.3001618975,-0.7788955963,398.4521048
107.6,-0.4069394867,-0.3218808776,-0.4219407076,-0.4190915283,371.9745617
107.8,-0.4294794056,0.1006276897,-0.4623974105,0.02123748078,228.7919119
108,-0.3678945324,0.5051045163,-0.4135952638,0.4594581755,60.61419255
108.2,-0.2341904398,0.8081882962,-0.2838974443,0.8208975829,2.817674518
108.4,-0.05498170819,0.9567135562,-0.09608089387,1.02103178,138.0389663
108.6,0.1362959171,0.924382604,0.1107108999,1.013100407,298.6935692
108.8,0.3025963217,0.7107109223,0.2961694241,0.8114278487,404.9915048
109,0.4111083061,0.3559300707,0.4248935102,0.45491525,388.4797791
109.2,0.4401126605,-0.0711691663,0.4722760228,0.01104884364,248.8402938
109.4,0.3834200335,-0.4865969844,0.4290330791,-0.4370946245,73.63803113
109.6,0.2518919678,-0.8057394668,0.302475468,-0.8118013178,0.4767082001
109.8,0.07162868497,-0.9699660415,0.1143878475,-1.032345081,128.2604757
110,-0.1238746333,-0.9529139085,-0.09639197208,-1.041097847,294.3979521
110.2,-0.2970613729,-0.7500571174,-0.288756465,-0.8515120817,412.1505894
110.4,-0.4139602919,-0.3991561705,-0.4261450691,-0.5001784115,407.9442316
110.6,-0.451324739,0.03216260528,-0.4824220712,-0.05335050185,273.4503279
110.8,-0.4013544413,0.4595654228,-0.4466820683,0.4055388547,90.83593985
111,-0.2734998643,0.7971378474,-0.3249033728,0.795442753,0.0223905798
111.2,-0.09309033107,0.9801534399,-0.1377261313,1.039869609,115.5102825
111.4,0.1063814867,0.982003673,0.07667785594,1.069237586,286.8433877
111.6,0.2869360369,0.7936107474,0.2763643324,0.8955667152,417.0521485
111.8,0.4133855352,0.4496736939,0.4235531465,0.5526946429,427.5838672
112,0.4607931197,0.01617619207,0.490421868,0.1051680732,300.9129853
112.2,0.4195030951,-0.4225322231,0.464203023,-0.3635622166,112.0765674
112.4,0.297269273,-0.7791841847,0.3492406866,-0.7697025988,1.394807779
112.6,0.118308765,-0.9833994051,0.1648560332,-1.039521977,99.52453553
112.8,-0.08403913536,-1.007294059,-0.05193870239,-1.092977643,274.7604944
113,-0.2715791613,-0.8371988759,-0.2584563958,-0.9391744142,417.244303
113.2,-0.4079784105,-0.5041051198,-0.4157628107,-0.608795486,444.4021228
113.4,-0.4665585337,-0.07175611117,-0.4943055369,-0.1640914319,328.7629501
113.6,-0.4356441349,0.3760002022,-0.479298143,0.3120008505,136.4022013
113.8,-0.321043414,0.7507834719,-0.3731906701,0.7336192425,5.795599188
114,-0.1455053962,0.9772069023,-0.1938091808,1.028672519,80.84277775
114.2,0.05800478012,1.025166626,0.02350805419,1.108627068,257.96075
114.4,0.251359788,0.8766572763,0.2355558463,0.9780207803,411.259437
114.6,0.3972715919,0.5583550936,0.4024233637,0.6641620783,455.8630708
114.8,0.4673921793,0.1311521711,0.4929097427,0.2264094056,354.2869248
115,0.4479738379,-0.322222442,0.4901665222,-0.2534470803,162.1208674
115.2,0.3427134904,-0.7127294992,0.3945773366,-0.6882302318,13.61342588
115.4,0.1725853165,-0.9608695868,0.2223277296,-1.006551522,60.72769194
115.6,-0.03007564564,-1.033412825,0.006647677547,-1.114019892,237.2987662
115.8,-0.2275143508,-0.9086581383,-0.2090692607,-1.008742165,398.9104814
116,-0.3817644276,-0.6084731731,-0.384188738,-0.7147242595,460.4686953
116.2,-0.4629895296,-0.1903766097,-0.4860523492,-0.2879325858,375.1537636
116.4,-0.4554358814,0.264635489,-0.4958260442,0.1916167803,187.1724634
116.6,-0.3606334956,0.6674262371,-0.4117681082,0.6362089316,24.35280523
116.8,-0.1975754111,0.935482859,-0.2483293322,0.9742826475,41.03840373
117,0.002287521012,1.031573218,-0.036361169,1.108835405,214.3486677
117.2,0.2018403666,0.9313102783,0.1809474663,1.029521694,381.2314566
117.4,0.3627555579,0.6514254127,0.3625180379,0.757444006,458.0542209
117.6,0.4539650033,0.2457076078,0.4744990364,0.3448504305,389.9662942
117.8,0.4578772902,-0.2070952303,0.4962485435,-0.1305414005,209.6624295
118,0.3739130975,-0.6183095876,0.4239559305,-0.5811950165,36.88983158
118.2,0.2190055033,-0.9035753744,0.270305428,-0.9345834566,23.96292219
118.4,0.02350522614,-1.020902269,0.06370478558,-1.094528335,190.9307297
118.6,-0.1763002025,-0.9444285177,-0.1532627576,-1.040334597,360.1063096
118.8,-0.3420278968,-0.6856267361,-0.3393304599,-0.7908371002,449.7181926
119,-0.4416633358,-0.2944048884,-0.4597439527,-0.3944511764,398.5495756
119.2,-0.4560125593,0.1530839822,-0.4922956031,0.07375571694,228.3637137
119.4,-0.3825384063,0.5690961314,-0.4312568416,0.5270015735,49.9047962
119.6,-0.2361604985,0.8684713685,-0.2875791053,0.8911955758,11.36509268
119.8,-0.0459827547,1.003993217,-0.08735226387,1.073911418,168.6617492
120,0.1526208011,0.9494424425,0.1277919629,1.042819718,337.7371808
120.2,0.3214597886,0.7111447381,0.3165931992,0.8151487266,437.4415047
120.4,0.4278386911,0.3351767168,0.4436610559,0.4355722082,401.8963889
120.6,0.4512169129,-0.1050503713,0.4854820077,-0.0236413892,243.0040873
120.8,0.3873085806,-0.5230290633,0.4346173361,-0.4768469857,62.3356253
121,0.2491634162,-0.8335582584,0.3003788457,-0.8481078702,3.898013808
121.2,0.06458017746,-0.9841625641,0.1067954115,-1.050497381,148.6550558
121.4,-0.1319696909,-0.9489886237,-0.1056874935,-1.039828825,316.131239
121.6,-0.302645365,-0.7295575479,-0.2959285969,-0.8321722392,423.5482611
121.8,-0.4142750891,-0.3683223994,-0.4281041409,-0.4687102463,401.8229473
122,-0.4452021329,0.06400499729,-0.477625611,-0.01895439722,254.2596101
122.2,-0.3896138876,0.4822739543,-0.4355630093,0.4327592227,73.68220776
122.4,-0.2588859833,0.8016283416,-0.3097226817,0.8087013177,0.6903117324
122.6,-0.07954068188,0.9647346688,-0.1223824523,1.027746477,131.4052308
122.8,0.1147666218,0.9462902478,0.08729590153,1.034765228,296.7352472
123,0.2865993227,0.7435186887,0.2783174181,0.844771226,410.179731
123.2,0.4024281631,0.3955447573,0.4145386024,0.4957922072,400.4755453
123.4,0.4396480446,-0.02943467729,0.4704608919,0.05476746175,263.4968928
123.6,0.3911107687,-0.447574946,0.4358490072,-0.3952594595,84.08386045
123.8,0.2667166708,-0.7743907204,0.3171485897,-0.7750659262,0.002458367254
124,0.09180255158,-0.9483770437,0.1351819463,-1.008374572,116.8207673
124.2,-0.1006589237,-0.9444633017,-0.0721505815,-1.030857764,280.2632647
124.4,-0.2735992324,-0.7561368329,-0.2639513275,-0.8562200111,398.902365
124.6,-0.393158461,-0.419493612,-0.4037765464,-0.5196748804,399.8413098
124.8,-0.4358666114,-0.0004703241919,-0.4652959033,-0.08584418901,272.3829136
125,-0.3933663439,0.4182216297,-0.4370885399,0.3633705764,94.19848814
125.2,-0.2742409121,0.7522133582,-0.3243595357,0.7476794968,0.2374235474
125.4,-0.1027544628,0.9366162149,-0.1467108179,0.993855979,104.3457593
125.6,0.08865398992,0.9458937146,0.05912882806,1.030520112,266.69449
125.8,0.2631873427,0.7703081329,0.2522545709,0.869507,390.4955684
126,0.3866034153,0.4431511604,0.3958618527,0.5434917754,401.3693647
126.2,0.4345638822,0.02834416768,0.4627788444,0.1150236982,282.4878157
126.4,0.3975460796,-0.3923109054,0.4404355801,-0.3349281835,104.9723086
126.6,0.2829039797,-0.7342769896,0.3328603755,-0.7251274546,1.280435336
126.8,0.1139175554,-0.9296187649,0.1585901965,-0.9842086727,93.12572493
127,-0.07737120364,-0.9518059652,-0.0467308218,-1.034918958,255.3908952
127.2,-0.2543203668,-0.7881390393,-0.2420594334,-0.8867440297,384.9083644
127.4,-0.3822041129,-0.4691943149,-0.3901186415,-0.5699893078,405.7453031
127.6,-0.4357409908,-0.05704099065,-0.4628143337,-0.1452955084,294.9637669
127.8,-0.4042046907,0.367230033,-0.446382418,0.3071114545,117.3872386
128,-0.2937247684,0.7186526651,-0.3436633658,0.7049808288,3.35725586
128.2,-0.1266235495,0.9262634542,-0.1722037664,0.9780860981,82.19529527
128.4,0.06535416288,0.962096915,0.03341566666,1.043824518,245.2929276
128.6,0.2456267317,0.810569776,0.23188946,0.9087944954,381.3554104
128.8,0.3788706935,0.4994643057,0.3853422745,0.6009879203,412.8202303
129,0.4387445233,0.08902939388,0.4646363096,0.1791717271,310.3338206
129.2,0.4132153192,-0.3402479523,0.454705512,-0.2770706271,132.2351657
129.4,0.3071145242,-0.7027721366,0.3571181969,-0.6843855264,6.83603078
129.6,0.1417542445,-0.924470345,0.1884279925,-0.9731338086,70.67848637
129.8,-0.0513759343,-0.9754498463,-0.01792200542,-1.055754243,235.1659137
130,-0.2357118063,-0.8372603352,-0.2202852031,-0.9351807753,378.5262972
130.2,-0.375243229,-0.5346429681,-0.3800840128,-0.6370691581,421.6833409
130.4,-0.4424455443,-0.1259080149,-0.4670117516,-0.2182006936,328.3986802
130.6,-0.4238414849,0.3090881981,-0.4645603454,0.2425159539,149.9352247
130.8,-0.3228319622,0.6840278028,-0.3728868133,0.6606119047,12.21310146
131,-0.1595907221,0.921702828,-0.207484003,0.9665178567,57.99850895
131.2,0.03467615885,0.9896856509,-0.0004910895996,1.068359588,223.8690829
131.4,0.2234460002,0.8667431858,0.2061030143,0.9642697857,374.882701
131.6,0.36998852,0.5741862155,0.3729645316,0.6775360595,430.867346
131.8,0.4455018512,0.1681312055,0.4685242064,0.2627108231,348.2684467
132,0.4349269477,-0.2723693346,0.4746951378,-0.2021506514,170.4066094
132.2,0.3400735124,-0.660321234,0.3900586798,-0.6315807555,19.97034591
132.4,0.1797948498,-0.9155274542,0.2289321298,-0.9555076301,44.0988519
132.6,-0.01508697992,-1.002263021,0.02192593978,-1.078959367,210.6004129
132.8,-0.208178702,-0.8967925395,-0.1887282439,-0.9936784098,368.9988962
133,-0.3620701872,-0.6165095675,-0.362950519,-0.7206345014,438.6633721
133.2,-0.4466444004,-0.2149850788,-0.467873611,-0.3118192919,368.5268935
133.4,-0.445156548,0.2298335084,-0.4837311116,0.1558718961,193.0257674
133.6,-0.357670489,0.6304656041,-0.4073728629,0.5962303919,30.39031884
133.8,-0.2015170942,0.9041089549,-0.2517995955,0.9380041427,29.67094018
134,-0.006969572229,1.010815798,-0.04586530662,1.085100748,195.0572093
134.2,0.1898402298,0.9249199094,0.1681663343,1.02080029,359.8747697
134.4,0.3509394593,0.6593700772,0.3495413545,0.763971004,443.4914768
134.6,0.4449283407,0.2648007525,0.4641306679,0.3636835407,387.5160444
134.8,0.4533302688,-0.1823321111,0.4904476345,-0.1047174676,216.7029385
135,0.374345696,-0.5943732455,0.4234938446,-0.554658603,43.39918546
135.2,0.2235992969,-0.8865338884,0.2748063511,-0.9129403001,16.29680761
135.4,0.03060280838,-1.01361658,0.07131426625,-1.085032851,177.4652053
135.6,-0.1689194618,-0.9488869809,-0.1450029069,-1.0433389,347.1409826
135.8,-0.3366140613,-0.7003535076,-0.3328353179,-0.8050281387,444.2418333
136,-0.439900749,-0.3153447078,-0.4568982383,-0.4159265323,403.6889128
136.2,-0.4585944739,0.131588893,-0.4940146518,0.05058851128,240.0871724
136.4,-0.3889736113,0.5530067993,-0.4372815536,0.5080267884,58.51226831
136.6,-0.2448239498,0.8628956253,-0.2966381732,0.8805200934,6.175589912
136.8,-0.05466009756,1.009878896,-0.09702718619,1.07800482,158.4709893
137,0.1463308361,0.9671315127,0.1202507901,1.059739839,331.1006889
137.2,0.3196376444,0.7373611671,0.3134712705,0.8416671894,440.4965601
137.4,0.4316575616,0.3642948612,0.4463546064,0.4661377137,415.9425324
137.6,0.4605870928,-0.07980440198,0.4941300345,0.004179304318,261.8593514
137.8,0.4007916867,-0.5081216965,0.4480022452,-0.4582618125,74.92090805
138,0.2641558216,-0.8341372331,0.3162108244,-0.8422718942,0.9656388186
138.2,0.07797124717,-0.9998492135,0.1217682399,-1.064342461,138.9422038
138.4,-0.1232056228,-0.9790272487,-0.09512290566,-1.069443759,312.6040309
138.6,-0.3009367563,-0.7689986878,-0.29246673,-0.8725189331,432.5742882
138.8,-0.420786483,-0.4097003996,-0.4331788409,-0.5123443788,423.8384496
139,-0.4594739774,0.02919297042,-0.491041652,-0.05729986425,281.0297607
139.2,-0.4095239256,0.461867648,-0.4554428706,0.407628277,91.69700411
139.4,-0.2809281789,0.8017162611,-0.3328731599,0.8008830953,0.004071509194
139.6,-0.09957874035,0.9846856014,-0.144551255,1.045305179,119.7487474
139.8,0.1006549191,0.9849379,0.07078158225,1.072922793,292.8056554
140,0.2816115822,0.7947958599,0.2709921066,0.8971930287,421.3966479
140.2,0.4082156829,0.4503341449,0.4183817133,0.5533619266,427.6519313
140.4,0.4558770683,0.01844964951,0.4854582429,0.1069759441,297.1484625
140.6,0.4153982581,-0.4163399747,0.4599134215,-0.358264431,108.039828
140.8,0.2949423377,-0.7673972197,0.3465081876,-0.759305246,0.9535219862
141,0.1189086822,-0.9661628383,0.16481274,-1.022767875,101.5902877
141.2,-0.07955395914,-0.98606931,-0.04811581184,-1.071508841,272.8860012
141.4,-0.262707223,-0.8152255921,-0.2501305534,-0.916277376,408.2306076
141.6,-0.3950054264,-0.4858743971,-0.403082546,-0.588962017,428.2482831
141.8,-0.4507165496,-0.06206324186,-0.4783747599,-0.1522097729,310.368506
142,-0.4190617887,0.3731747933,-0.4621448645,0.3117760072,123.4762649
142.2,-0.3064754013,0.7332885959,-0.3574978367,0.7191500934,3.638883789
142.4,-0.1358524748,0.9462759691,-0.1824882697,0.9988024886,84.90019744
142.6,0.06038943047,0.9841639215,0.02758887245,1.067062579,253.8130776
142.8,0.2450127386,0.8315325658,0.2306723013,0.9311423246,394.3887626
143,0.3821284712,0.516891941,0.3882802524,0.6198378547,426.8368149
143.2,0.4450047459,0.1014692591,0.4708529895,0.1929319518,321.3553686
143.4,0.4214181395,-0.3332662597,0.4631103278,-0.2689648099,137.9525828
143.6,0.3161888743,-0.7009417364,0.3665983487,-0.6816164797,7.703722906
143.8,0.1507492695,-0.9268299413,0.197983512,-0.9752471997,69.82331537
144,-0.04319589202,-0.9811099984,-0.009181912864,-1.061560306,236.1927163
144.2,-0.2289262344,-0.845419482,-0.2129821993,-0.9436023272,380.965346
144.4,-0.3702840248,-0.5446587106,-0.3746647242,-0.6473875104,424.6795168
144.6,-0.4396364892,-0.1373290062,-0.4638043627,-0.2299354181,331.0842629
144.8,-0.4234250186,0.2966538401,-0.4638105309,0.2297372353,151.8033499
145,-0.3249613089,0.6711194869,-0.3747626568,0.6472115197,12.83814763
145.2,-0.1642798387,0.9090994795,-0.212052663,0.9533478911,56.25413429
145.4,0.0275876866,0.978550026,-0.007561681594,1.056686927,220.219024
145.6,0.2144083304,0.8586639956,0.1969620613,0.9555125506,368.6579028
145.8,0.3597801804,0.570829258,0.3625036606,0.6733711077,422.8270395
146,0.4352182651,0.1709357493,0.4578183725,0.2646409141,340.5904519
146.2,0.4258954844,-0.2625899679,0.4650689029,-0.1931990997,165.6248779
146.4,0.3336904393,-0.6437430667,0.3829329377,-0.615624619,18.94869121
146.6,0.1772995287,-0.893622547,0.2256148278,-0.9335385817,43.92924489
146.8,-0.01287313378,-0.9775670341,0.02340684538,-1.053516288,205.7104873
147,-0.201027072,-0.8727482837,-0.1821089936,-0.9683859261,357.6920333
147.2,-0.3505035939,-0.597068179,-0.3516225115,-0.699519401,421.9307164
147.4,-0.4319677437,-0.203894481,-0.4530680501,-0.2987525769,350.7345634
147.6,-0.4293426418,0.2297614619,-0.4673769631,0.1579052216,180.1004409
147.8,-0.3431060584,0.6179909795,-0.3918490104,0.5858289984,26.1590942
148,-0.1906482479,0.880158468,-0.2395495587,0.9153979191,32.57391236
148.2,-0.001777823535,0.9785064904,-0.03924421509,1.052337177,192.206724
148.4,0.1880787557,0.8885749504,0.167651377,0.9831064403,347.8432708
148.6,0.341976327,0.6247023969,0.3414752147,0.7271760489,422.1524504
148.8,0.4296989556,0.2377618826,0.449306307,0.3338806925,362.0263011
149,0.4338960096,-0.1966090833,0.4708177336,-0.1222028218,195.8225775
149.2,0.3536303884,-0.5925347933,0.4019107492,-0.5563356866,34.74360265
149.4,0.2049774154,-0.8678054239,0.2545143336,-0.8977833906,22.09658774
149.6,0.0171500992,-0.980960144,0.05589494108,-1.052649832,179.1001947
149.8,-0.1747549415,-0.9063204315,-0.1527296144,-0.9997899158,338.5381616
150,-0.3334822316,-0.6544666475,-0.3312851125,-0.7570435686,423.1742
150.2,-0.4278900452,-0.2737218993,-0.445947569,-0.3712102059,374.5295281
150.4,-0.4393013535,0.1616738354,-0.4750772587,0.08459270034,213.1451442
150.6,-0.3653106693,0.5658580004,-0.4131188134,0.5255292427,45.02727095
150.8,-0.2206275084,0.8552380717,-0.2708195712,0.8791141218,12.79705265
151,-0.03382221222,0.9839036658,-0.07394336677,1.053321447,165.7790883
151.2,0.1603186881,0.9254456696,0.1365818498,1.017810065,329.0114532
151.4,0.3242324405,0.686386838,0.3202225233,0.7890770671,424.296935
151.6,0.4258140563,0.3123597886,0.4422121088,0.4112788577,387.8573715
151.8,0.444998068,-0.1238983192,0.479535638,-0.04403373716,232.086637
152,0.3778323584,-0.5365890523,0.4251002456,-0.4920081513,57.273961
152.2,0.2375770631,-0.8409997795,0.2883829471,-0.8577566824,5.470978503
152.4,0.0520582462,-0.9859494323,0.093629455,-1.052857484,151.7567884
152.6,-0.144253794,-0.9448506277,-0.1186966895,-1.035972688,318.4904944
152.8,-0.3135337682,-0.7198149159,-0.3075803697,-0.8225366033,424.6089542
153,-0.4227018391,-0.3535731454,-0.4372993243,-0.4539019002,401.2555141
153.2,-0.450252923,0.08282561509,-0.4834133853,0.0001332082345,252.3001557
153.4,-0.3906044565,0.5037809562,-0.4372076495,0.4548593433,71.58167227
153.6,-0.2554676874,0.8237710524,-0.3067679107,0.8324671201,1.133378544
153.8,-0.07177099217,0.985655297,-0.1148183226,1.049725214,136.7634318
154,0.1263588764,0.9631311033,0.09890448205,1.052792048,306.3712049
154.2,0.3009258397,0.7535973142,0.2929125262,0.8561760068,423.1917404
154.4,0.4179019018,0.3966280091,0.4305528345,0.4982478248,413.7596794
154.6,0.4543191382,-0.03866293002,0.485939477,0.04680705154,273.1194723
154.8,0.4028945524,-0.467085077,0.4486664944,-0.4138158692,87.80979676
155,0.2736935012,-0.8025384911,0.3252950001,-0.80285409,0.000396209796
155.2,0.09255857027,-0.9818231713,0.1370472781,-1.042660141,120.7819897
155.4,-0.1067713114,-0.9788787127,-0.07739333242,-1.066806204,292.3473978
155.6,-0.2862615708,-0.7863334149,-0.276109802,-0.8885200572,419.3203209
155.8,-0.4110052249,-0.4403383275,-0.4215847739,-0.5430386723,424.397253
156,-0.4565869257,-0.007793129159,-0.4865056545,-0.09588717239,293.6781959
156.2,-0.4139828218,0.4267917685,-0.4587373059,0.3692746265,105.5634353
156.4,-0.2915313058,0.776732557,-0.3432007471,0.7695336098,0.7201874936
156.6,-0.1138018261,0.9737280104,-0.1596351545,1.030895189,104.0284726
156.8,0.08592131735,0.9909605653,0.05465221902,1.076865107,276.4640709
157,0.2697189314,0.8166655223,0.2574029327,0.9181678597,412.6126173
157.2,0.4019124881,0.4833237643,0.4103373675,0.5868255111,432.3887944
157.4,0.4566958615,0.0553446513,0.4847770381,0.1458184929,313.0799637
157.6,0.4233026641,-0.3837393029,0.4668590878,-0.3221808956,124.2480837
157.8,0.3082902159,-0.7467755137,0.3597893638,-0.7328103457,3.532732844
158,0.1347984885,-0.9612359245,0.1818274343,-1.014273363,86.89566223
158.2,-0.06443051327,-0.9987239467,-0.03135800405,-1.082335744,259.0849223
158.4,-0.2517466563,-0.8435397963,-0.2372973897,-0.9440597511,403.0932107
158.6,-0.3908344197,-0.5242883487,-0.3970741136,-0.6282784208,437.3010397
158.8,-0.4545893118,-0.1026478382,-0.4807401662,-0.1951953718,330.5792873
159,-0.4305407162,0.3391190532,-0.4727467043,0.2738123792,143.1852093
159.2,-0.3234470725,0.7136038774,-0.374552966,0.6934680469,8.502113812
159.4,-0.1549044365,0.9447951132,-0.2029456095,0.9932317683,69.89046764
159.6,0.04297939435,1.002090415,0.008233011654,1.0831894,240.7892027
159.8,0.2329596448,0.8663878548,0.2164580167,0.9656570956,391.1607603
160,0.3782300936,0.5622624447,0.3823074868,0.6664320183,439.1148533
160.2,0.4505042178,0.1484794747,0.4746834525,0.2427707833,345.72596
160.4,0.4356791078,-0.2942237626,0.4764261851,-0.2255128841,161.7562994
160.6,0.3367335844,-0.6784189683,0.3872582189,-0.652671638,15.33759585
160.8,0.1736531708,-0.9253099993,0.2225107261,-0.9686714417,53.5857026
161,-0.02217260454,-1.001528493,0.01409627293,-1.079962166,222.2317657
161.2,-0.2140087216,-0.8851983236,-0.1955701472,-0.9830053938,377.4753532
161.4,-0.3647000773,-0.5967620587,-0.3666821836,-0.7008407443,438.1959084
161.6,-0.4449029746,-0.1919600409,-0.4671188573,-0.2876804779,358.4356639
161.8,-0.4389756346,0.2501937578,-0.4782054348,0.1784321388,179.5317842
162,-0.3481668273,0.642468256,-0.3979705351,0.6116379823,23.63446142
162.2,-0.1908310903,0.9039321,-0.2403182865,0.9417477059,38.58429333
162.4,0.002429209668,0.9979192549,-0.03521123781,1.073605608,204.0056461
162.6,0.1954527586,0.9004719136,0.1752066302,0.9966764554,362.8017568
162.8,0.3508591377,0.6278394274,0.3508404161,0.7316193508,435.183109
163,0.4383652456,0.2326917217,0.4586646303,0.3295746558,368.9720588
163.2,0.4408902722,-0.2078123465,0.4785908459,-0.1333230888,196.3472175
163.4,0.3580207165,-0.6068116594,0.4070162374,-0.5713746993,33.0137989
163.6,0.2064966772,-0.8818161511,0.2564529149,-0.9136271575,25.47919959
163.8,0.01608180247,-0.9923494807,0.05496361948,-1.065265209,186.5395493
164,-0.1776586458,-0.9130773675,-0.1557269005,-1.007609785,347.8514605
164.2,-0.3372155083,-0.6560224945,-0.3352974283,-0.7593686273,430.8302139
164.4,-0.4314642766,-0.2707896637,-0.4499152973,-0.3686373763,377.8519134
164.6,-0.4419765944,0.1673880176,-0.4781702918,0.09043307291,212.3086425
164.8,-0.3667481727,0.5721379279,-0.4148951041,0.5324919624,43.21928684
165,-0.220943838,0.859893262,-0.271243818,0.8852611965,14.80076818
165.2,-0.03345110639,0.9858791309,-0.07347931268,1.056035797,170.0456231
165.4,0.1607471808,0.9240442992,0.1372261082,1.016891961,333.158064
165.6,0.3240804658,0.6821633953,0.3203514892,0.7850092472,425.841784
165.8,0.4246536367,0.3068078632,0.4413258545,0.4054976463,385.7032221
166,0.4427623942,-0.1287408674,0.4774883158,-0.0495041561,227.7316858
166.2,0.3748730751,-0.5386674077,0.4221644212,-0.4951124092,54.16156518
166.4,0.2346207689,-0.8387036043,0.2851740552,-0.8572246513,6.956603974
166.6,0.04998572193,-0.9793317226,0.0911068323,-1.046744388,154.5181873
166.8,-0.144592445,-0.9343390313,-0.1195410239,-1.025522605,319.0067386
167,-0.3115241977,-0.707232907,-0.3060440196,-0.8095634929,420.7393256
167.2,-0.4181863786,-0.3415821472,-0.4331324202,-0.4410575849,393.1135927
167.4,-0.4436442594,0.09128846589,-0.4769390991,0.009874987406,243.0363007
167.6,-0.382875858,0.5061554676,-0.4293198262,0.4588880725,65.90949851
167.8,-0.2480237156,0.8183122088,-0.2987653155,0.8296615241,2.147470401
168,-0.06612530592,0.9731482131,-0.1083245798,1.037801809,139.7727299
168.2,0.1288709546,0.944669727,0.1023076112,1.034214863,305.4223394
168.4,0.2993835142,0.7321060927,0.2921744031,0.8339323586,415.7799689
168.6,0.412080556,0.3760278068,0.4253227814,0.4762779849,400.5017029
168.8,0.4448163159,-0.05420670908,0.4766975144,0.02934333238,258.6258955
169,0.3910962295,-0.4739890294,0.4366971564,-0.423112537,78.63958055
169.2,0.2615884597,-0.7983077664,0.3124639577,-0.8023687474,0.1822696168
169.4,0.08233780117,-0.9673294141,0.1256284427,-1.029147699,125.5106793
169.6,-0.1131471305,-0.9553579523,-0.08505505787,-1.043268153,292.2094445
169.8,-0.2873161449,-0.7573829395,-0.2783626744,-0.8587132506,410.9362966
170,-0.4061347301,-0.4109358986,-0.4176592815,-0.5119674626,408.0345916
170.2,-0.4462450547,0.01662786277,-0.476699492,-0.06905798273,274.7779047
