时间t(s),浮子垂荡位移zf(m),浮子垂荡速度dzf/dt(m/s),浮子纵摇角位移θf(rad),浮子纵摇角速度dθf/dt(rad/s),振子垂荡位移zo(m),振子垂荡速度dzo/dt(m/s),振子纵摇角位移θo(rad),振子纵摇角速度dθo/dt(rad/s)
0,0,0,0,0,0,0,0,0
0.2,0.010562583604,0.0959947622426,0.00189318982822,0.018204519986,0.00334171161612,0.0482898105222,0.00250303951421,0.0153968454721
0.4,0.034782201441,0.138690504453,0.00711636109172,0.0333591193262,0.0223090095382,0.140253746259,0.00757062244383,0.0387676012526
0.6,0.0635532937558,0.1434272386,0.0147061321095,0.0413039089462,0.0563383331366,0.188159715229,0.0153648946953,0.0387747938876
0.8,0.0898135469992,0.112823481265,0.0231505908512,0.0414356049397,0.0925582857504,0.162404651997,0.024262240608,0.0441665778844
1,0.106022123581,0.0427251321496,0.0306329433909,0.0321132435834,0.117432727265,0.0787205175921,0.0316201461218,0.0332628567771
1.2,0.10463508741,-0.0609355667826,0.0354151797238,0.0142406571614,0.121723734045,-0.0399721100826,0.0367357972948,0.012506899588
1.4,0.0806462204627,-0.179432093061,0.0359320833924,-0.00986428911659,0.100420408616,-0.173905420274,0.0370784859695,-0.00844195557943
1.6,0.0335171089782,-0.288146571464,0.0311917392631,-0.0377705758788,0.0526119829135,-0.300930676082,0.0320688444607,-0.0410098056096
1.8,-0.0323635154917,-0.363292669342,0.0208803796527,-0.0650526386228,-0.0177709155841,-0.395311790617,0.0214624233503,-0.0670208865261
2,-0.108282134506,-0.385928159267,0.00545238367953,-0.0880549472355,-0.101740836328,-0.43341282814,0.00530442855702,-0.0909055923396
2.2,-0.182460426035,-0.344787508643,-0.0138074832027,-0.102988940759,-0.186349401106,-0.400128157118,-0.0145454093705,-0.10762286526
2.4,-0.241837525163,-0.238633671595,-0.0349821969151,-0.106710917252,-0.256802756638,-0.292440039357,-0.0365026998974,-0.109399776352
2.6,-0.274219239665,-0.0774155831963,-0.0556596381808,-0.0978435120975,-0.298996822533,-0.1202226516,-0.0579151661586,-0.101804781597
2.8,-0.270473653301,0.118490553263,-0.073239140424,-0.0759193511704,-0.302013772721,0.0948582303218,-0.0760088656597,-0.0781979853682
3,-0.226376118333,0.320977542057,-0.0852603341076,-0.0425281618249,-0.260230822465,0.322119834183,-0.0884690908639,-0.0434546287265
3.2,-0.143759786512,0.498351405606,-0.0896854613808,-0.000652817991443,-0.17471172229,0.526218055534,-0.0929407552136,-0.000828978562812
3.4,-0.0307482907472,0.620246338711,-0.0852221166686,0.0456046786122,-0.0536071357729,0.672579863308,-0.0882611412036,0.0480318628876
3.6,0.0990104050837,0.662571736328,-0.0715011064935,0.0910626840432,0.0885678796171,0.733039529887,-0.0740052585949,0.0943459734316
3.8,0.228039415034,0.611733461398,-0.049191071229,0.130585412215,0.232724465303,0.69073285282,-0.050808970687,0.135526600648
4,0.337441213243,0.46743802425,-0.0199941152784,0.159231312977,0.357826194749,0.543442638161,-0.0205568097426,0.165272680814
4.2,0.409680866649,0.243575287228,0.0135083779461,0.173060620636,0.443979815388,0.304826816636,0.0141910568255,0.179112287937
4.4,0.431332583252,-0.0330411432982,0.0480816330189,0.169684076751,0.475534759116,0.0032613724925,0.0500131116626,0.175994470518
4.6,0.395366144242,-0.325970613383,0.0801805441584,0.14838344573,0.443716379869,-0.3216217891,0.0832477005459,0.153546201027
4.8,0.30260289719,-0.59405928313,0.106328247529,0.110531406937,0.348369646973,-0.624268313923,0.110333081535,0.114370904244
5,0.162082029057,-0.797293570054,0.123499021374,0.0593176083198,0.198508169887,-0.859672148382,0.128078108313,0.0613813111215
5.2,-0.00976850680521,-0.902752607515,0.129480328434,-0.000466338341654,0.0115318785702,-0.990053889025,0.134246200555,-0.000790015401482
5.4,-0.191087566351,-0.889777127019,0.123138708293,-0.0628589010927,-0.188829021319,-0.990757631897,0.127638642866,-0.0652245880309
5.6,-0.357424223642,-0.753560592131,0.104588529424,-0.121467782757,-0.375594644914,-0.854463977371,0.108375582767,-0.126067392356
5.8,-0.48509056172,-0.506577124192,0.0752234047355,-0.170033720495,-0.522231103957,-0.593039214945,0.0779251464904,-0.176344247831
6,-0.55455714245,-0.177561255232,0.03760505844,-0.203203307342,-0.606447180019,-0.236668759604,0.0389139836849,-0.210617211905
6.2,-0.553402021073,0.191895685968,-0.0047701146007,-0.217112678916,-0.613545752362,0.169689360458,-0.0050113110239,-0.225107241864
6.4,-0.47837245769,0.552719004682,-0.0478202585525,-0.209808484573,-0.538830484405,0.572103497828,-0.0496316360445,-0.217415622022
6.6,-0.336232134247,0.854983522875,-0.0872925901738,-0.181559190192,-0.388688943078,0.914954035931,-0.0905443631223,-0.188173138288
6.8,-0.143230740189,1.05489481027,-0.119206102058,-0.134810396419,-0.180152047811,1.14870508604,-0.123613422471,-0.139716158708
7,0.0767753282154,1.12113388817,-0.14027526962,-0.0739937302881,0.0610580757923,1.23706631427,-0.145449277855,-0.0766468386614
7.2,0.295329716077,1.0396466994,-0.148261928357,-0.00507867377565,0.303764003578,1.16250936236,-0.153723492517,-0.00528073805998
7.4,0.483122982304,0.816158720397,-0.142224198909,0.0650638153329,0.515436418978,0.929313375178,-0.147463881582,0.0674517005778
7.6,0.613977455139,0.476000852401,-0.12262809179,0.129351928231,0.666615165056,0.563646234201,-0.127156045594,0.134057380927
7.8,0.66852154413,0.0612032851351,-0.0913110318666,0.181267931672,0.735039447756,0.110596717216,-0.0946971385864,0.187860255389
8,0.637034924312,-0.374802310651,-0.0513012923599,0.215537886821,0.708904734387,-0.371499064595,-0.0532307871737,0.223409445867
8.2,0.521049456103,-0.774189352699,-0.00650860861674,0.228692569484,0.588772448428,-0.81870646714,-0.00680318342296,0.237036449159
8.4,0.333454382598,-1.08251636974,0.038677372169,0.219448080253,0.387835743422,-1.17009511991,0.0400369267219,0.227499995313
8.6,0.0970562846737,-1.25621977448,0.0798404419277,0.188826009735,0.130466656886,-1.37612250256,0.0827119359187,0.19578735954
8.8,-0.158243185524,-1.26877963165,0.112993448519,0.140051626954,-0.150793625911,-1.40563499521,0.117093288075,0.145263900619
9,-0.399295141363,-1.11468488896,0.134986358155,0.0781993563788,-0.419421667667,-1.25049560322,0.139912925815,0.0811982711414
9.2,-0.594072728325,-0.810614562084,0.143824855991,0.00964399779983,-0.6397271847,-0.927160380305,0.149104261387,0.0101530144086
9.4,-0.715977445305,-0.393626171397,0.138863949056,-0.0586165520049,-0.781652621116,-0.474936614092,0.143996390435,-0.060580852333
9.6,-0.747497149152,0.0834488895381,0.120857713199,-0.119713359009,-0.824904282702,0.048891108494,0.125366622921,-0.123916789048
9.8,-0.682709717787,0.558817722375,0.0918608715768,-0.167625848827,-0.7618437643,0.576448281022,0.0953424995125,-0.173608248047
10,-0.528276022786,0.96985135324,0.0549937601412,-0.197808293128,-0.59872913348,1.03820067979,0.0571529801054,-0.204932724848
10.2,-0.302766042462,1.26143887084,0.0140985217336,-0.207649204883,-0.355114151438,1.37223474696,0.0147774901865,-0.215200827881
10.4,-0.0343856787902,1.39344298878,-0.0266756855166,-0.196710473876,-0.0614612308264,1.53263503877,-0.027486057647,-0.203933427074
10.6,0.242611271619,1.34624051848,-0.0633120929937,-0.166733684473,0.244733795086,1.49581614318,-0.0654764680778,-0.172940662569
10.8,0.492361168251,1.12358152537,-0.092342288197,-0.121404460661,0.523802862565,1.2639338866,-0.0955979897205,-0.12603278982
11,0.682094762739,0.75235730075,-0.11119427168,-0.0659119908036,0.739112793713,0.864889196495,-0.115183681043,-0.0685734220103
11.2,0.786482730192,0.279281586199,-0.118435553716,-0.00635386102784,0.86192605076,0.3488951269,-0.122745256844,-0.00688517788943
11.4,0.791040550002,-0.235094483473,-0.113887257651,0.0509483469563,0.875263733109,-0.217958814126,-0.118092523549,0.0524946558906
11.6,0.694132357845,-0.72425209308,-0.0985994229113,0.100139357522,0.776248391247,-0.762303905277,-0.10230854011,0.103495924534
11.8,0.507297502699,-1.12442041083,-0.074693461594,0.13645457721,0.576604203866,-1.2131150391,-0.0775857261703,0.141180484787
12,0.253845592086,-1.38298158559,-0.0450926731093,0.156706858107,0.301236278525,-1.51108069686,-0.0469484812821,0.162245958819
12.2,-0.0341039976564,-1.46544589205,-0.0131734697743,0.159584047112,-0.0149335162556,-1.61647109182,-0.0138913861795,0.165321544714
12.4,-0.319754763143,-1.36006569708,0.0176214312354,0.145729699796,-0.331464090937,-1.51445302124,0.018020842803,0.151069880755
12.6,-0.566397739891,-1.07946990179,0.0441634012866,0.117599816133,-0.607637525159,-1.21713888907,0.0455469054358,0.122024645369
12.8,-0.742183024679,-0.659096418041,0.0639691408925,0.0791193755539,-0.807757600627,-0.762091910722,0.0661125846685,0.0822425040705
13,-0.824271032304,-0.152625748275,0.0754464899368,0.0351814212164,-0.905807238243,-0.207481079472,0.0780648717547,0.0367865010376
13.2,-0.801817700846,0.374983305409,0.0780293684659,-0.00895014343778,-0.888851794081,0.375475374549,0.0808124091976,-0.00889886022884
13.4,-0.677401521474,0.855937628447,0.0721896330714,-0.0482616377137,-0.758740703505,0.911780218413,0.0748381080939,-0.0496218039225
13.6,-0.46670564077,1.22842112693,0.0593282753534,-0.0785631366066,-0.531884587518,1.33241812154,0.0615867803853,-0.0810433865307
13.8,-0.196497911552,1.44461530401,0.0415624109699,-0.0969474640196,-0.237138572712,1.58332245391,0.0432453663999,-0.100150397624
14,0.0988249207159,1.47687905467,0.0214362677883,-0.102083758002,0.0879285963127,1.63237236167,0.0224438515823,-0.105558140719
14.2,0.381675291916,1.32128433639,0.00159278596303,-0.0943148519595,0.401889062737,1.47350909035,0.00191576241291,-0.0976154817171
14.4,0.616114657135,0.998056002838,-0.0155537824198,-0.075550663373,0.664797974642,1.12744433952,-0.0158405728074,-0.0782910387816
14.6,0.772464654756,0.548873243499,-0.0281048603009,-0.0489753550888,0.843326247863,0.638884609534,-0.0288591532636,-0.0508733951641
14.8,0.831092265235,0.0314020490648,-0.0348903688625,-0.0186068678727,0.915018014987,0.0706536103358,-0.0359265320514,-0.0195150529437
15,0.78488282611,-0.488211680042,-0.0355832998481,0.0112348879436,0.871125012895,-0.504500974888,-0.0367007323899,0.0113185425415
15.2,0.640088789922,-0.943897536771,-0.0307042801343,0.0364846821495,0.717659303323,-1.01333280083,-0.0317162058832,0.0374228406363
15.4,0.415455548443,-1.27814498378,-0.0215180281843,0.0538452551107,0.474540279943,-1.3915186357,-0.0222770055358,0.0553870817861
15.6,0.139750103913,-1.44931662056,-0.00983682251578,0.061194486317,0.172960629759,-1.59185276941,-0.0102538173302,0.0630145353777
15.8,-0.151975696145,-1.4368536687,0.00224265733897,0.0578377037512,-0.148674009584,-1.59016245209,0.00218810156444,0.0595838589866
16,-0.422894996755,-1.24372117148,0.0126348017097,0.0445754833881,-0.449695485469,-1.38820085635,0.0128943313039,0.0459201328391
16.2,-0.63910161152,-0.895806479681,0.0195548773641,0.0235799949849,-0.692367782907,-1.01317577577,0.0200209680806,0.0242662557651
16.4,-0.77388679463,-0.438383442007,0.0217661718018,-0.0019033070845,-0.846655616927,-0.514013575867,0.0222902165876,-0.00202453311705
16.6,-0.811053502551,0.069866407743,0.0187530036137,-0.0279907665634,-0.893959627804,0.0451196786723,0.0191693009472,-0.0289389239026
16.8,-0.746855278007,0.564474794469,0.0107975071632,-0.0506775625381,-0.829351714078,0.593169590113,0.0109499446316,-0.0523382187555
17,-0.590329217568,0.983448037792,-0.0010498335895,-0.0663719075224,-0.662043362784,1.06131703349,-0.00128208283947,-0.0685104127336
17.2,-0.362001930452,1.27509937614,-0.0151026043691,-0.072379488671,-0.414050792567,1.391690467,-0.0157838621709,-0.0746716760967
17.4,-0.0911563508927,1.40445499391,-0.0292576081924,-0.0672770527129,-0.117252800483,1.54455517608,-0.0303819135857,-0.0693523481298
17.6,0.187971340261,1.3574365155,-0.0412735373435,-0.051127557442,0.190759735336,1.5030823953,-0.0427603706758,-0.0526195918011
17.8,0.440564592735,1.14232233014,-0.0490742753108,-0.0255084351461,0.471495505559,1.27512831351,-0.0507745883119,-0.0261066344489
18,0.635604782279,0.788348423871,-0.0510384928292,0.00665270978775,0.690413148897,0.891847662835,-0.0527505875031,0.00715744102339
18.2,0.74969983973,0.341678745178,-0.0462384313304,0.0414170335301,0.821194050336,0.403376274244,-0.047731917144,0.0430981243883
18.4,0.769888359095,-0.14069258873,-0.0345965628,0.074308582934,0.848906307411,-0.127811837965,-0.0356415506961,0.0770861385318
18.6,0.695083711192,-0.598291949579,-0.0169385015722,0.100867165859,0.771680031514,-0.63498191836,-0.0173364684119,0.104509324654
18.8,0.536002043269,-0.974811672873,0.00506701889453,0.117213248991,0.600711018059,-1.05559494706,0.00545460302754,0.121356946492
19,0.313613463547,-1.22507567812,0.0290765709619,0.120555817728,0.358625819321,-1.3390624324,0.0303055710019,0.124745102331
19.2,0.0563417728876,-1.32045919276,0.0523309711643,0.109580041222,0.0764482174312,-1.45283281923,0.0543609781617,0.113317541525
19.4,-0.203608782487,-1.25211333462,0.0719754550618,0.084665190488,-0.210421295596,-1.386077921,0.0746673274504,0.0874709982594
19.6,-0.434319865429,-1.03163962036,0.0854037786177,0.0479028843249,-0.466686267153,-1.15057059721,0.0885291129121,0.0493738320827
19.8,-0.608100581962,-0.689191445057,0.0905852588647,0.0029092095571,-0.661523078297,-0.778711569741,0.0938471592679,0.00277136717735
20,-0.704814740514,-0.269305613233,0.0863349317875,-0.0455512262405,-0.77229387607,-0.319025500401,0.0893980545064,-0.0474032742256
20.2,-0.714193955518,0.174954494876,0.0724929380328,-0.0920885949666,-0.787156104896,0.170242103115,0.0750196175244,-0.0955708888651
20.4,-0.636874297116,0.588765800683,0.0499893006422,-0.131299636433,-0.70627138185,0.628573339096,0.0516777437431,-0.136139363606
20.6,-0.4840609406,0.922351821801,0.0207832979678,-0.158397667328,-0.541500004127,1.00071060512,0.02140345891,-0.164155682384
20.8,-0.275899203465,1.13697841834,-0.0123188386685,-0.169787248002,-0.314659904177,1.24333019633,-0.0128959426331,-0.175900628578
21,-0.0387892643933,1.20941641289,-0.0459498494673,-0.163515243031,-0.0546057205128,1.33005006661,-0.047732987533,-0.169355475427
21.2,0.19799384163,1.13436291365,-0.0765404980026,-0.139543372788,0.206477030263,1.25419910848,-0.0794117705691,-0.144483938967
21.4,0.40593819404,0.924584436144,-0.100712173922,-0.099807268617,0.437082265833,1.02907383586,-0.104434391544,-0.10329310937
21.6,0.560735937099,0.608836690261,-0.115658846765,-0.0480512804863,0.610195125538,0.68573116562,-0.119896334634,-0.049662279307
21.8,0.645111248284,0.227890537877,-0.119474595381,0.0105459576186,0.706443121868,0.268671311732,-0.123825476929,0.011044789986
22,0.650708711666,-0.170782903228,-0.111388418167,0.0699158933959,0.716221535186,-0.169985340889,-0.115425092068,0.0725435065335
22.2,0.578842142162,-0.538968934966,-0.0918779874621,0.12375501022,0.640566801295,-0.577058551514,-0.0951915201989,0.12830651783
22.4,0.440050669101,-0.833555265635,-0.0626473456772,0.166217633937,0.490713450142,-0.904774267708,-0.0648909776175,0.172280958722
22.6,0.252556707919,-1.02155709752,-0.0264687506144,0.192568688518,0.286433827722,-1.11634837222,-0.0273957258917,0.199564222536
22.8,0.0398509305834,-1.08373973684,0.0130957658901,0.199722217399,0.0534049313828,-1.19003972171,0.0136042866575,0.206961459352
23,-0.172272961313,-1.01645237038,0.0520638156674,0.186603729231,-0.180044034515,-1.12123823845,0.0539839664043,0.19336070036
23.2,-0.358856636643,-0.831521183044,0.0864531870441,0.154293835064,-0.386388332095,-0.922412475262,0.0896185327855,0.15988155525
23.4,-0.498705729043,-0.554292865036,0.112707503433,0.105935041669,-0.542145433113,-0.621009936387,0.116824283493,0.109778719162
23.6,-0.576766532191,-0.220140249044,0.128080040553,0.0464101795282,-0.630514502245,-0.255648576601,0.13275604172,0.0481090545315
23.8,-0.585689268058,0.130085917024,0.130933049898,-0.0181732562042,-0.643126278624,0.128869953633,0.135717127258,-0.0188022798386
24,-0.526424930503,0.455070072908,0.120919080732,-0.0811365391279,-0.58073128745,0.487076738162,0.125347157259,-0.0840383547908
24.2,-0.407824631614,0.717892613356,0.0990237518033,-0.135948868722,-0.452788786453,0.778200004795,0.102666396715,-0.140835079273
24.4,-0.245330237688,0.890169066854,0.0674647428841,-0.1769325696,-0.27605140148,0.970747184175,0.0699712366589,-0.183311398798
24.6,-0.0589484941011,0.955012574627,0.029457727638,-0.199876019488,-0.0723550636404,1.04579923254,0.0305918908613,-0.207104009743
24.8,0.129223779244,0.908527278722,-0.0111252495732,-0.202486219216,0.134092267807,0.998690954712,-0.0114612945371,-0.20983609809
25,0.297616005477,0.759728977042,-0.0501675123631,-0.184630849815,0.319584931861,0.838959410144,-0.0519241634671,-0.191368160793
25.2,0.42763275076,0.528979818309,-0.0837444215029,-0.148343264659,0.463616434003,0.588653034848,-0.0867309286254,-0.153803406747
25.4,0.505661066505,0.245192869869,-0.108537112917,-0.0975904523789,0.551096176032,0.279281291247,-0.112442655019,-0.101247748733
25.6,0.524426978345,-0.0578088099585,-0.122178131217,-0.0378305550007,0.573854489385,-0.0521725623206,-0.126605275677,-0.0393518834647
25.8,0.483577284986,-0.345318156881,-0.123491526179,0.02458998388,0.531298404808,-0.367668789973,-0.12799837529,0.0253127213139
26,0.389457635352,-0.585677317724,-0.112601885685,0.0831317999816,0.430184989317,-0.632432230592,-0.116748299406,0.085973720995
26.2,0.254150401132,-0.75367930557,-0.0909014915522,0.13177264181,0.283581045905,-0.818693604962,-0.0942943753456,0.136393056796
26.4,0.0939156320311,-0.833086141759,-0.0608806300653,0.165652994676,0.109165860524,-0.908463355894,-0.0632134335915,0.171535540419
26.6,-0.0727628942085,-0.818032560476,-0.0258412692678,0.181586000577,-0.0729016431572,-0.895083802488,-0.026923534649,0.188097044148
26.8,-0.227292045913,-0.713222995135,0.0104728847994,0.17837617835,-0.242294260673,-0.783458242179,0.0106989396009,0.184834824141
27,-0.35300523286,-0.532968582691,0.0442879571223,0.156913441357,-0.380744479434,-0.589008710218,0.0457453658362,0.162665265759
27.2,-0.436903001969,-0.299234533618,0.0722069291639,0.12003455564,-0.473951512697,-0.335549938775,0.0746963396779,0.124520880471
27.4,-0.470925694987,-0.0389638575933,0.0915670291992,0.0721705310527,-0.512978431325,-0.0523717905338,0.0947918334898,0.0749856598527
27.6,-0.45264532255,0.218997066949,0.10070856088,0.0188224745769,-0.49501606694,0.229112869262,0.104309742804,0.0197527763795
27.8,-0.385331572606,0.44702551727,0.0991267522006,-0.0340725777199,-0.423464595087,0.478776732432,0.102723384489,-0.0350317191712
28,-0.277414792528,0.621574371624,0.0874918234709,-0.0808125378373,-0.307357931975,0.670885473142,0.0907226000331,-0.0834633329999
28.2,-0.141429760422,0.725471669615,0.0675376128359,-0.116561238714,-0.160222506936,0.78660252328,0.0700987866997,-0.120532397643
28.4,0.00742760222055,0.749464938793,0.0418340135748,-0.137868399833,0.00148559101393,0.815671797694,0.0435096191776,-0.142662567557
28.6,0.152966563245,0.692896014435,0.0134714601079,-0.143021103474,0.160186767933,0.757156043503,0.0141526656976,-0.148075019857
28.8,0.279713353911,0.56348454625,-0.0143047236673,-0.132189397222,0.299034693738,0.619209221127,-0.0146129791933,-0.136939632208
29,0.374495281816,0.376285411504,-0.0384671976836,-0.107352840284,0.403636282238,0.417955508794,-0.03965263436,-0.111299452987
29.2,0.427744793232,0.15195925825,-0.0565436990828,-0.0720202841907,0.463470244484,0.175626983351,-0.0584050365543,-0.0747811422177
29.4,0.434404842783,-0.0854489483796,-0.0668802426205,-0.0307789599918,0.472876272083,-0.0818288438559,-0.069154953165,-0.0321286777297
29.6,0.394359704958,-0.310994158971,-0.0688015582207,0.0112717135316,0.431533127221,-0.327424601064,-0.0711995059762,0.0113823537662
29.8,0.312362799207,-0.501336726854,-0.062652373132,0.049133496772,0.344394921773,-0.535832606349,-0.0648912166964,0.0505794182159
30,0.197480874497,-0.637036250529,-0.0497173696382,0.0784971567046,0.221106028289,-0.685859427137,-0.0515555024206,0.0810014027023
30.2,0.0621180513914,-0.704427968214,-0.0320319391601,0.0962359824656,0.0749621988306,-0.76247601835,-0.0332951376998,0.0994095127408
30.4,-0.0792796204382,-0.696918119999,-0.01210853547,0.100748184907,-0.0784749360871,-0.758229174574,-0.0127073266338,0.104141894806
30.6,-0.211710910379,-0.615588199595,0.00738696971502,0.092109907106,-0.2229734734,-0.673916696539,0.00745103160694,0.0952723489668
30.8,-0.32115325384,-0.469058755565,0.0239691072776,0.0720234438574,-0.343283220662,-0.518472606766,0.0246086871013,0.0745571588104
31,-0.395995989419,-0.272627233948,0.0356363517125,0.0435697590675,-0.426686280029,-0.308075755569,0.0366941332234,0.0451794079715
31.2,-0.42823450442,-0.0467571090327,0.0411081112272,0.0107976044615,-0.464297769461,-0.0645610768467,0.042380913171,0.0113241770387
31.4,-0.414308127394,0.184946967082,0.0399673643054,-0.0217992509303,-0.451990258196,0.186726583729,0.0412353589161,-0.0223621058515
31.6,-0.355496548278,0.398095224189,0.0326928563771,-0.0498522211912,-0.390848792153,0.419444927649,0.0337501014808,-0.0513614794994
31.8,-0.257829815566,0.569982687082,0.0205783184712,-0.0696658818765,-0.287105637167,0.608904162198,0.0212607077587,-0.0718513658847
32,-0.131512494521,0.681938059292,0.00554992424516,-0.0786772188983,-0.151551969407,0.734605420917,0.00575703070571,-0.0811797694956
32.2,0.0100903379461,0.721319030118,-0.0100944805782,-0.0757707155937,0.00152611547991,0.782418890623,-0.0103863937381,-0.0781913927677
32.4,0.151813090315,0.682945208431,-0.0239914279485,-0.0614115081351,0.155792045475,0.746175651199,-0.0247268257172,-0.063365570262
32.6,0.278265872781,0.56980489113,-0.0340248134951,-0.0375809701376,0.294547416819,0.628492697552,-0.0350770138041,-0.038749819399
32.8,0.375470516899,0.392935886907,-0.0386067368113,-0.00752304211179,0.402498787545,0.440716823206,-0.0397956689607,-0.00769759066628
33,0.432387686001,0.170459132618,-0.0368911102753,0.0246674560084,0.467421736671,0.201955609271,-0.03800841922,0.0255574804615
33.2,0.442170682108,-0.0741698012641,-0.0288931978074,0.0545641318069,0.481544075834,-0.0627441130108,-0.0297314738188,0.0564386903658
33.4,0.403003241106,-0.314540407897,-0.0154997520573,0.0779724370599,0.442491530913,-0.324917073628,-0.0158821289844,0.0806090515986
33.6,0.318416624263,-0.524071337429,0.00163219427346,0.0914681855197,0.353678463059,-0.555662793882,0.00182590261787,0.0945283486494
33.8,0.197032735447,-0.678915416693,0.020276165085,0.0928449418844,0.224080387259,-0.72879026269,0.0210902214482,0.0959159393671
34,0.0517401320959,-0.760672800305,0.0379126906676,0.0814147913147,0.0673893365559,-0.82378754236,0.0393056887227,0.0840618840916
34.2,-0.101627433264,-0.758603176758,0.0520479048774,0.0581244371657,-0.0993789201703,-0.828279475645,0.0538939716409,0.0599470250922
34.4,-0.245981807843,-0.671067016279,0.0605353645552,0.0254706535775,-0.257692591415,-0.739674665634,0.0626364158132,0.0261554826525
34.6,-0.364865175505,-0.505998483418,0.0618613718164,-0.012776774048,-0.389540445439,-0.565777903325,0.0639691514824,-0.0134120228773
34.8,-0.444323496347,-0.280312808903,0.055358071517,-0.0520132146715,-0.479476593829,-0.324250234961,0.0572034692575,-0.0539915318107
35,-0.474555552265,-0.0182686814633,0.041316925681,-0.0873473889866,-0.516441675841,-0.0409255309398,0.0426431188931,-0.0905230443231
35.2,-0.451140898454,0.251071340419,0.0209868680849,-0.114194815099,-0.495143781719,0.252874056723,0.0215822918881,-0.118264526456
35.4,-0.375690169093,0.497026778512,-0.00354485575097,-0.128845628446,-0.416823676979,0.523756725208,-0.00381777351767,-0.133379386975
35.6,-0.255821670173,0.690787456754,-0.0295770715365,-0.128938195867,-0.289292824153,0.740046778789,-0.0307610505142,-0.133426461148
35.8,-0.104442905471,0.808807879292,-0.0540993913417,-0.113780402258,-0.126212971264,0.875509140032,-0.0561320864257,-0.117692358559
36,0.0616035954635,0.835704606343,-0.0741423878747,-0.0844779274714,0.0543260880029,0.912571258334,-0.0768583819126,-0.087324077448
36.2,0.223393478141,0.766294829798,-0.0871323967519,-0.0438512390585,0.231788808834,0.844640931804,-0.0902775332507,-0.0452429758769
36.4,0.362071780043,0.606501640155,-0.0912089220861,0.00385220402127,0.385522451566,0.677209291867,-0.0944656494409,0.00415317735952
36.6,0.461058204201,0.372976286768,-0.0854663764032,0.0534198087583,0.497168659606,0.427561241678,-0.0884874427983,0.0554682713155
36.8,0.508047160241,0.0914364579408,-0.070090194675,0.0992581936601,0.55287505315,0.123076595305,-0.0725369905102,0.102912667609
37,0.496558666344,-0.206125091701,-0.0463692906163,0.136033462155,0.545037516463,-0.201724665639,-0.0479505095027,0.14096587658
37.2,0.426841722141,-0.485064392324,-0.0165810068724,0.159293510667,0.473350765042,-0.509081033472,-0.017087165816,0.165020620364
37.4,0.306003054892,-0.712133375856,0.0162404888469,0.165999712126,0.345020527388,-0.762393408878,0.0169107427313,0.171933084256
37.6,0.147323449722,-0.859475096801,0.0486277141338,0.154905032663,0.174087079599,-0.930618269266,0.0504527175474,0.160414213157
37.8,-0.0311791298008,-0.908082131976,0.0770596557126,0.126732765609,-0.0200841845786,-0.992117448318,0.0798932211513,0.131214633974
38,-0.208787438448,-0.850283046483,0.0983552187255,0.0841326599053,-0.214986736652,-0.937480700696,0.101938967981,0.0870791673412
38.2,-0.364494331053,-0.690927165922,0.110035611897,0.0314166905574,-0.38758636722,-0.770947717544,0.114024046081,0.032473253458
38.4,-0.479502500332,-0.4470875552,0.11061395571,-0.0258978697135,-0.517059716837,-0.510216791452,0.114609693655,-0.0268900818147
38.6,-0.53951481095,-0.146278814268,0.0997782467047,-0.0816880101355,-0.587329798376,-0.184619459488,0.103373674958,-0.0846709004159
38.8,-0.53653313284,0.176631221747,0.0784456164226,-0.129900309725,-0.589086418683,0.168158926021,0.081266418874,-0.13460145916
39,-0.469936416046,0.483471257996,0.0486802558104,-0.165225958218,-0.521034293445,0.506448590866,0.0504260217758,-0.171185007289
39.2,-0.346691200802,0.737305855936,0.0134827923695,-0.18369886838,-0.390199722111,0.789546544939,0.0139601736564,-0.190314983321
39.4,-0.180650379151,0.906920318553,-0.0235264565351,-0.183148538491,-0.211237902727,0.982656789696,-0.0243817831088,-0.189743867054
39.6,0.00899341555258,0.97070095337,-0.0584957574709,-0.163455458756,-0.00480408066693,1.06121371933,-0.0606108512337,-0.169347640461
39.8,0.199928470897,0.919422598745,-0.0877588608315,-0.126579040296,0.204832098848,1.01404508731,-0.0909300235394,-0.131154772116
40,0.369361251216,0.757579562902,-0.108234157315,-0.076353752717,0.392653025007,0.844962325276,-0.112147574353,-0.0791352479452
40.2,0.496756604114,0.503068438036,-0.117761503365,-0.0180754459261,0.53589972767,0.57255177573,-0.122025838178,-0.0187723836363
40.4,0.566348686387,0.185231060501,-0.115338973618,0.0420763100072,0.616854230105,0.228158408778,-0.119526400304,0.0435351485029
40.6,0.569112477319,-0.158531297924,-0.10123294014,0.0977153465268,0.62505403258,-0.147722875253,-0.104924155217,0.101174299286
40.8,0.503946584662,-0.487180990696,-0.0769490547293,0.142949593613,0.558658839732,-0.510232181638,-0.0797773620249,0.148043080205
41,0.377910776373,-0.760977806305,-0.0450673109059,0.173026731336,0.424789162997,-0.815536706582,-0.0467569744173,0.179219073369
41.2,0.205475313727,-0.946325241262,-0.00895961115251,0.184852390979,0.238779977524,-1.0261762265,-0.00935430851671,0.191496056126
41.4,0.00685992667058,-1.01993245848,0.0275785735324,0.177322958136,0.0224252020383,-1.11570366833,0.0285002617355,0.183728741708
41.6,-0.194346756007,-0.97177095703,0.0607412879281,0.151436073316,-0.198585978052,-1.07203983552,0.0628649751571,0.156947414496
41.8,-0.374005506204,-0.806446722048,0.0871238512231,0.110167142556,-0.39773772955,-0.899112300883,0.0902130309203,0.114230338064
42,-0.510343311219,-0.542799506866,0.10408753708,0.058126671775,-0.550891845363,-0.616555099404,0.107810247056,0.0603492454674
42.2,-0.586613284464,-0.211757693516,0.110036913984,0.00103798973163,-0.639237157873,-0.257483024091,0.114002343633,0.00122884369954
42.4,-0.593169777449,0.147306915265,0.104579612443,-0.0549049036124,-0.651620408637,0.135407280215,0.10838054022,-0.0567178506705
42.6,-0.52869914776,0.491292014634,0.0885516923355,-0.103726331753,-0.585967021576,0.514947457676,0.0918080319049,-0.107302758967
42.8,-0.400447769827,0.778576777189,0.0639070287428,-0.140326833189,-0.449609188414,0.835202276934,0.066305687336,-0.145243889354
43,-0.223410565643,0.974097224322,0.0334844713202,-0.161036005016,-0.258471301258,1.05707315966,0.0348111881093,-0.166737837911
43.2,-0.0185706681161,1.05366059768,0.000680209642074,-0.163998779689,-0.0352027997778,1.15311070624,0.000839989047807,-0.16985994543
43.4,0.189601942457,1.00696318676,-0.0309367590107,-0.149353007231,0.19352139371,1.11093856295,-0.0319126853164,-0.154748477514
43.6,0.376092491272,0.838932020352,-0.0580220909957,-0.119180314742,0.40020873823,0.934857944689,-0.059983301856,-0.123554135409
43.8,0.5183676975,0.569214927695,-0.077821507324,-0.077238231458,0.559876447816,0.645423734345,-0.0805183781865,-0.0801631319573
44,0.599117305626,0.229870606764,-0.0884633085572,-0.028506498706,0.65309246198,0.277032041642,-0.0915774527836,-0.029727873872
44.2,0.608374718933,-0.138467643021,-0.0891459174328,0.0213985354104,0.668356941747,-0.126195449711,-0.0923274495154,0.0219389874384
44.4,0.544755012519,-0.491491603822,-0.0802007385098,0.0668729039539,0.603530226856,-0.515733677475,-0.0831080144682,0.0690362206925
44.6,0.415655575323,-0.786585486713,-0.0630251362356,0.102962227235,0.466128796234,-0.844535490978,-0.0653624208953,0.106433605111
44.8,0.236391062572,-0.988005500996,-0.0398953028346,0.125914061781,0.272448821495,-1.07275335019,-0.0414441321317,0.130243807627
45,0.0283646775131,-1.07123728508,-0.0136824834473,0.133582834272,0.0456203955898,-1.1726001501,-0.0143232899501,0.138241783052
45.2,-0.18350403729,-1.0259962698,0.0124931260594,0.125642479199,-0.187173264056,-1.13175198132,0.0127713722625,0.130085219545
45.4,-0.373783337983,-0.857501637741,0.0356297277063,0.103584641459,-0.397974629655,-0.954873662204,0.0367326840169,0.10731308339
45.6,-0.519600493093,-0.585865860249,0.0531895056806,0.0705054411811,-0.561430206481,-0.663077842676,0.0549327481289,0.0731253291745
45.8,-0.603406616416,-0.24367270985,0.0633825278163,0.0307083896556,-0.657857289305,-0.291381924363,0.065516888449,0.0319722934764
46,-0.615098824888,0.127961394176,0.0653567611241,-0.010827768443,-0.675625813169,0.115527408102,0.0676004946696,-0.0109957788862
46.2,-0.553241773186,0.484362259057,0.0592734010055,-0.0490521812625,-0.612565539064,0.508704953166,0.061347219776,-0.050552754033
46.4,-0.425240484798,0.782702200604,0.046260443568,-0.0794441618366,-0.476227820047,0.840872483675,0.0479211914917,-0.0820198554058
46.6,-0.246444254488,0.987175260069,0.0282518626263,-0.0985435386774,-0.282970967353,1.07213631566,0.0293208337557,-0.101814590366
46.8,-0.0382915170657,1.07331409552,0.00773318966719,-0.104347110956,-0.0559815724334,1.17480108836,0.00811580081613,-0.107861210625
47,0.174277995671,1.03092553694,-0.01257483586,-0.0965255562095,0.177526558435,1.13669595588,-0.0128802222354,-0.099815442717
47.2,0.365828974388,0.865291736962,-0.0300558399658,-0.0764367368132,0.389594746271,0.962612638395,-0.0309608099888,-0.0790785699226
47.4,0.513489427379,0.596496344461,-0.0425195039434,-0.0469356626282,0.554884417346,0.673686378861,-0.0438596451083,-0.0486011024672
47.6,0.59969277614,0.256963899489,-0.0484667568541,-0.012005518258,0.653717341193,0.304802121492,-0.050024965905,-0.0125012654332
47.8,0.614272936055,-0.112482435368,-0.0472669255754,0.0237446908411,0.674424659757,-0.0996517659901,-0.0488029636898,0.0244545806615
48,0.55566188522,-0.467561125535,-0.0392260829942,0.0556546619322,0.614723541085,-0.49116051677,-0.0405086371796,0.0574462636385
48.2,0.431048964852,-0.765868202931,-0.0255390438952,0.079589939329,0.481959335725,-0.822934414481,-0.0263762768575,0.0821969098759
48.4,0.255487375071,-0.971962027896,-0.008131514167,0.0924520779852,0.292189188832,-1.05552453038,-0.00839629593296,0.0955008207798
48.6,0.0500605704539,-1.06158438374,0.0105878701944,0.0925604443485,0.0682232318391,-1.16152557218,0.0109411840826,0.0956185933256
48.8,-0.16066594762,-1.02451392787,0.0280350434138,0.0798597762481,-0.16313531709,-1.12880370469,0.028964372252,0.082491999301
49,-0.35159718443,-0.865716855047,0.041779825845,0.0559285660037,-0.374314673616,-0.961869608752,0.0431604461799,0.0577528043245
49.2,-0.500108623822,-0.604667716794,0.0498567079232,0.0237872265431,-0.540273389403,-0.681244023261,0.0514970452439,0.0245244321446
49.4,-0.588733449991,-0.27293505028,0.0510189703937,-0.0124709835215,-0.641477171612,-0.320906555331,0.0526851644275,-0.0129597688931
49.6,-0.607217054686,0.0896652308203,0.0449048012266,-0.0481820094065,-0.666198811869,0.0758510878322,0.0463510190322,-0.0498758674342
49.8,-0.553697263663,0.439875943518,0.032094632596,-0.0786857178952,-0.611870478267,0.461656897112,0.0330953779675,-0.0814039077257
50,-0.434875487094,0.7361803665,0.0140520018513,-0.099904093932,-0.485333532185,0.790738921743,0.0144323966874,-0.103326097798
50.2,-0.265165994894,0.943736026963,-0.00704571457433,-0.108853063673,-0.301964488922,1.02436980456,-0.00738548684416,-0.112556348877
50.4,-0.0649329002256,1.03847270072,-0.0285670059101,-0.104025742562,-0.0837904899516,1.13542607634,-0.0296362266064,-0.107536800272
50.6,0.141967511515,1.00987273427,-0.0477456380424,-0.0855999849671,0.143172527767,1.11152544813,-0.0494586181674,-0.0884525627347
50.8,0.331040558144,0.862114369661,-0.0620216119431,-0.0554438518818,0.352035120362,0.956381152632,-0.0642050424183,-0.0572373722722
51,0.48006010981,0.613457700013,-0.0693625996334,-0.0169165786539,0.518228276378,0.689229408366,-0.0717740084726,-0.017367644499
51.2,0.571682817438,0.29396386279,-0.0685267586184,0.0255130071882,0.622395568296,0.342417712298,-0.0708820386636,0.0265323641388
51.4,0.595462034598,-0.0581643455111,-0.0592344692695,0.0667867750686,0.652642896207,-0.0425400605558,-0.0612413119214,0.0692289257667
51.6,0.549028344081,-0.40117152848,-0.0422270939305,0.101855621813,0.605885144651,-0.419956803299,-0.0436204023782,0.105497968118
51.8,0.438304947332,-0.694714330619,-0.0192040948421,0.126285431755,0.488139085489,-0.74540978853,-0.0197791485899,0.130752098183
52,0.276741960876,-0.904609661702,0.0073557783674,0.136798766512,0.313738443689,-0.980973572105,0.00771643729414,0.141601118529
52.2,0.0836699374643,-1.0068074088,0.0344697016029,0.131687368557,0.103574923215,-1.09963138032,0.0357790102889,0.136278857253
52.4,-0.11802411234,-0.990127281751,0.0589912274523,0.111045239912,-0.117417034256,-1.08835326168,0.0611522352142,0.114884319246
52.6,-0.304617293808,-0.857451299877,0.0779767512152,0.0767927425545,-0.323227229906,-0.949493497543,0.0807900403768,0.0794065714947
52.8,-0.454343620023,-0.625249598798,0.089035250034,0.0324864643596,-0.489834244015,-0.700362706921,0.0922185496206,0.0335279192564
53,-0.54992997524,-0.321515161738,0.0906200217674,-0.0170653249958,-0.598006116591,-0.371047117746,0.0938379789993,-0.0177741141846
53.2,-0.580580324101,0.0176307892987,0.0822274678108,-0.0663388718746,-0.635511189105,-0.000752748314594,0.0851283217483,-0.0687817581728
53.4,-0.543181568522,0.352248409842,0.0644784250179,-0.109721943404,-0.598486398342,0.366878256492,0.0667334709653,-0.113685945822
53.6,-0.44259845031,0.643287855313,0.039070962549,-0.142159681271,-0.491812247003,0.688917505472,0.0404123082582,-0.147254774431
53.8,-0.291033150576,0.857141256108,0.00860837562124,-0.159744547821,-0.32846186726,0.928158063163,0.00886062054015,-0.165444104639
54,-0.106534853072,0.969508361932,-0.0236793862879,-0.160181489327,-0.127911944338,1.05739675701,-0.0245772798364,-0.165879012388
54.2,0.0891573183371,0.968133615192,-0.0542901128453,-0.143073362536,0.0861883317978,1.0625008074,-0.0562754119754,-0.148149213345
54.4,0.273179185454,0.85411007489,-0.0798397611594,-0.10999205216,0.288810135843,0.943917158816,-0.0827302805952,-0.113882671984
54.6,0.424211212439,0.641616593358,-0.0974446221391,-0.0643252126779,0.456469384918,0.716468976297,-0.100956478464,-0.0665869695104
54.8,0.524941631883,0.356138494176,-0.105051498597,-0.0109143738378,0.569941270727,0.407484980648,-0.108828477204,-0.011274713964
55,0.564039504576,0.0313971541713,-0.101677781334,0.044475728726,0.616452332861,0.0535000056036,-0.105329154275,0.0460857566981
55.2,0.537414562523,-0.294639778801,-0.0875333414565,0.0957970971571,0.591102018662,-0.304072803437,-0.0906759861275,0.0992327985325
55.4,0.44862600371,-0.584194711575,-0.0640094722668,0.137395320055,0.497358013194,-0.623784556094,-0.0663096184341,0.142312109943
55.6,0.30840246025,-0.804045182812,-0.0335351924996,0.16464636898,0.346578635158,-0.868942238608,-0.0347451308734,0.170535949114
55.8,0.133338387652,-0.929315255227,0.000683664275548,0.174480634127,0.156628450576,-1.01179754154,0.000698042607062,0.180725658272
56,-0.0560737784922,-0.946263669155,0.0350137391534,0.165734110576,-0.0502430916887,-1.03665813335,0.0362576955806,0.171675290641
56.2,-0.237841853698,-0.853760274475,0.0657928203483,0.139286204401,-0.250007512142,-0.941576990651,0.068141571082,0.144294375871
56.4,-0.39102202664,-0.663296846128,0.0897331659623,0.0979678857667,-0.419642585733,-0.738443206685,0.0929449212107,0.101512965665
56.6,-0.498122492583,-0.397548276181,0.104284100179,0.0462500895823,-0.539775116979,-0.451483140935,0.108025932015,0.0479591918201
56.8,-0.547088208402,-0.0876657030487,0.107913037299,-0.0102526557471,-0.596879440023,-0.114362410504,0.111796728443,-0.0105544704777
57,-0.532643468136,0.230374381068,0.100273282584,-0.0654072907905,-0.584784266974,0.233763542213,0.103897188566,-0.0676781979999
57.2,-0.456844922004,0.519937420445,0.0822397676676,-0.113245207143,-0.505322411741,0.55278718886,0.0852320524248,-0.117231826268
57.4,-0.328789439208,0.747933302807,0.0558088359956,-0.148625787296,-0.368057628427,0.806250712696,0.0578672925037,-0.153891793156
57.6,-0.163518207952,0.888574660114,0.0238735878603,-0.167805409176,-0.189128755168,0.965486787905,0.0247976474095,-0.173780285969
57.8,0.0197503904615,0.926267582224,-0.0100996374833,-0.168847686121,0.0106485461951,1.01283190056,-0.0103882163625,-0.174890096936
58,0.199851543905,0.857314573528,-0.0424569326825,-0.151828918104,0.208199164421,0.943556366083,-0.0439069235581,-0.157297529751
58.2,0.3561101369,0.690247673033,-0.0697610097529,-0.118816176371,0.380844991582,0.766304547007,-0.0721988255766,-0.123139964458
58.4,0.47070308464,0.444766626635,-0.089168332996,-0.0736214291504,0.508895998848,0.502009552271,-0.0923184800941,-0.0763615830063
58.6,0.530679624907,0.149414979208,-0.0987368937439,-0.0213606488102,0.577881744124,0.181419457589,-0.102253380018,-0.0222571868199
58.8,0.529412437673,-0.161731774937,-0.0976304051498,0.032131014784,0.580172507621,-0.158472546646,-0.101135497685,0.0331330377326
59,0.467318836153,-0.452982890177,-0.0861966505336,0.0809606937862,0.515810514258,-0.478680855663,-0.0893225812634,0.0837081592467
59.2,0.351775183453,-0.691105990675,-0.065912163221,0.119840156972,0.39246254111,-0.742676585561,-0.0683410891607,0.123992159271
59.4,0.196239544206,-0.849095732674,-0.0392006823172,0.144673613361,0.224505236637,-0.920528793697,-0.0406984497309,0.149742514077
59.6,0.0186870046117,-0.909213576669,-0.0091471606758,0.15300447824,0.0313523983943,-0.99227215677,-0.00958716937119,0.158412870427
59.8,-0.160460913734,-0.864959862018,0.02085914487,0.144271180114,-0.164781677707,-0.950125979721,0.0214845187264,0.149418123324
60,-0.32067528344,-0.721761768786,0.047511135447,0.11984431957,-0.341426237557,-0.799321135507,0.049092657957,0.124173209237
60.2,-0.443660814224,-0.496306480879,0.0679554846451,0.082842802648,-0.47841578006,-0.557449489583,0.0702822704194,0.0859031234979
60.4,-0.515433636699,-0.214601543773,0.0801070985593,0.0377520252788,-0.560179288358,-0.25241678755,0.0828929640635,0.0392480160137
60.6,-0.527901519916,0.0910129840107,0.0828710648426,-0.0101101625337,-0.577498979895,0.0807636619664,0.0857888392311,-0.0102893318764
60.8,-0.479769359043,0.385559243612,0.0762477130155,-0.0552167435513,-0.528541525747,0.40397018791,0.0789674473102,-0.056988496291
61,-0.376669573241,0.635403765737,0.0613101228784,-0.0924712469161,-0.419047487585,0.680311057883,0.0635367456341,-0.0955735039153
61.2,-0.23050484693,0.812076898399,0.0400582643771,-0.117789704743,-0.261660020852,0.878311668925,0.0415643575436,-0.121815250971
61.4,-0.0580795750554,0.895498820048,0.0151682026744,-0.128557923631,-0.0744710051761,0.975478859704,0.0158181963132,-0.133004969391
61.6,0.120823512418,0.876249177721,-0.0103331945743,-0.123912132181,0.12104916468,0.960841661532,-0.0105700624223,-0.128244966061
61.8,0.285702709697,0.756625546355,-0.0334292369907,-0.104812009967,0.302502678831,0.836183508615,-0.0344785040066,-0.108524530831
62,0.417676179374,0.550372427919,-0.0514674770411,-0.0738995379188,0.449118198237,0.615828315504,-0.0531614094254,-0.0765741935623
62.2,0.501635011511,0.281112174674,-0.0624654685638,-0.0351621714315,0.544118062967,0.325005485269,-0.0645657612689,-0.0365174468718
62.4,0.527966316297,-0.0203446459475,-0.0653328636093,0.00655840068496,0.576630553688,-0.00302126462683,-0.0675612241013,0.00663738933359
62.6,0.493650760374,-0.319505622339,-0.0599846287973,0.046152834684,0.542930317067,-0.330737178725,-0.0620574870725,0.0476040442342
62.8,0.402609622777,-0.582123427981,-0.0473331880185,0.0788561678078,0.446865897653,-0.620644740392,-0.0489963333288,0.0814516080208
63,0.265261284945,-0.778099111078,-0.0291616726954,0.100812875427,0.299425133325,-0.839534562986,-0.0302206750303,0.104189319645
63.2,0.0973365759533,-0.884919349324,-0.00789449097339,0.109528472462,0.117486695106,-0.962275265822,-0.00823731259244,0.11323402889
63.4,-0.0819134859886,-0.890236862178,0.0137065333439,0.10415492827,-0.0781016573901,-0.97469182211,0.0140973618524,0.107705748813
63.6,-0.251914769151,-0.793298956493,0.032883559909,0.0855770584624,-0.264900873099,-0.875203610771,0.033930550529,0.0885172964054
63.8,-0.393122621675,-0.605058606185,0.0472205374255,0.056290744447,-0.421444886411,-0.67503259034,0.0487625676473,0.0582485288408
64,-0.489262245552,-0.346951152748,0.0549369306621,0.0200885174315,-0.529699782064,-0.396953203573,0.0567507946082,0.0208212281468
64.2,-0.529200962783,-0.0484710284874,0.0551023243404,-0.0184091777361,-0.577137186695,-0.0727208127534,0.0569318040007,-0.0189857385192
64.4,-0.508237432793,0.25618019762,0.047746438162,-0.0543205288661,-0.558184039769,0.260533925247,0.0493352919193,-0.056122522959
64.6,-0.428658447205,0.531996225446,0.0338516627858,-0.0830987262321,-0.474880926924,0.564538399173,0.0349764686184,-0.0858853219534
64.8,-0.299496822462,0.747176005718,0.0152293062084,-0.101086752541,-0.336670632375,0.804259160337,0.0157281258082,-0.104490440159
65,-0.135514826056,0.87678369096,-0.00570534407789,-0.105964225983,-0.159337454009,0.951931303394,-0.00591200084555,-0.109536709543
65.2,0.0444737786082,0.905638194166,-0.026231932395,-0.0970328173482,0.0367850496221,0.990273696331,-0.0271304274646,-0.100300915755
65.4,0.219753712322,0.830097411625,-0.0436618461945,-0.0753059778679,0.229135913568,0.91451767879,-0.0451463558975,-0.0778307618921
65.6,0.370085723311,0.658526440777,-0.0556722830033,-0.0433919896818,0.395514488691,0.733010036266,-0.0575572927914,-0.0448239830161
65.8,0.478039744804,0.41038842594,-0.0605971922422,-0.00518394004384,0.516638286777,0.466312612669,-0.0626400702297,-0.00530766937778
66,0.531015207537,0.114054167981,-0.0576397817898,0.0346067771445,0.578376842492,0.144892666921,-0.0595707282993,0.0358443390246
66.2,0.522714361275,-0.196425604651,-0.0469805620154,0.0710181286609,0.573402864014,-0.194339529996,-0.0485363232013,0.0734987696472
66.4,0.453895914005,-0.485220411338,-0.0297673027215,0.0994387876478,0.502067288546,-0.512255013913,-0.0307245569748,0.102885114283
66.6,0.332318062033,-0.718847667209,-0.00798733909271,0.11617144128,0.372392925396,-0.772010906808,-0.00819167394205,0.120178495764
66.8,0.171872828265,-0.870053269214,0.0157632785028,0.118890591667,0.199182231862,-0.943318178773,0.0163763830069,0.12297338544
67,-0.00899304694071,-0.920995453781,0.0385869020851,0.106939619439,0.00233692756518,-1.00597818627,0.0399817370521,0.110591012624
67.2,-0.189392365913,-0.865359235652,0.057631523516,0.0814306850779,-0.195421154847,-0.952274275519,0.0596738613231,0.0841827647361
67.4,-0.348405492418,-0.7091494614,0.0704369655769,0.0451342185556,-0.371168040481,-0.787933761171,0.0729077850452,0.0466158578708
67.6,-0.467505069684,-0.470061467011,0.0752386901489,0.00216957772746,-0.504433414224,-0.531538726984,0.077858446872,0.00215325212816
67.8,-0.532716515514,-0.175492343395,0.0711926050014,-0.04246797564,-0.57958673409,-0.212442815584,0.0736533009127,-0.0440358231953
68,-0.536262047092,0.140586000677,0.0584933220883,-0.083489301105,-0.587675199876,0.132575082787,0.0604946669506,-0.0864781543222
68.2,-0.477494166007,0.441536861218,0.0383706966581,-0.115934537388,-0.527496734887,0.463540793186,0.0396561230815,-0.120041407049
68.4,-0.363005720926,0.692302880759,0.0129637177699,-0.135764251957,-0.405778444501,0.741913219957,0.0133519762856,-0.140545880083
68.6,-0.205898624449,0.863492903665,-0.0149147372604,-0.140348732365,-0.236434095329,0.935075559823,-0.0155062079219,-0.145270859695
68.8,-0.0242910972988,0.934834575445,-0.0420958233817,-0.128797069988,-0.0389811543009,1.02016544707,-0.0436386347489,-0.133295186479
69,0.160767427705,0.897585910107,-0.0654189325199,-0.102086082351,0.163703598722,0.98679296092,-0.0677742090959,-0.105630679912
69.2,0.327734378402,0.755617350648,-0.0821000590836,-0.0629722852349,0.348032486514,0.838321592949,-0.0850317709714,-0.0651310385642
69.4,0.457082895875,0.525028888868,-0.0900613592364,-0.0156953712867,0.492453020796,0.59155253538,-0.0932611695022,-0.0161849603196
69.6,0.533589078541,0.232337007638,-0.0881831056953,0.0344939624818,0.57997175314,0.274838043875,-0.0913040205801,0.0357725349155
69.8,0.548129150594,-0.0885662236729,-0.0764479597851,0.0819283188598,0.600159740786,-0.0751663863507,-0.0791430165054,0.0848751962791
70,0.498773605799,-0.400334314778,-0.0559597597961,0.121171973253,0.550402077255,-0.41774031571,-0.0579213614034,0.125496608464
70.2,0.391046245456,-0.666514514286,-0.0288334471528,0.147648559228,0.43624080471,-0.712837566837,-0.0298288323652,0.152899865046
70.4,0.237312964535,-0.855816367215,0.00203234769234,0.158175276468,0.270765701122,-0.925774429771,0.002133612192,0.163790510522
70.6,0.0553668887588,-0.945799830332,0.0332748882718,0.151341257192,0.0731187181468,-1.03131693841,0.0344846278409,0.156708200341
70.8,-0.133628891004,-0.925546781021,0.0614431036825,0.127685431993,-0.133717795069,-1.01668395032,0.0636514455727,0.132210849216
71,-0.30760338561,-0.796996227721,0.0833868649195,0.0896521878272,-0.325593839726,-0.883106799033,0.0863728218972,0.0928287906708
71.2,-0.446158029277,-0.57477849413,0.0966152768073,0.0413286635536,-0.480014553371,-0.645753559247,0.100069929502,0.0427929166957
71.4,-0.532963137198,-0.284559132613,0.0995828162167,-0.0120072725724,-0.57878260456,-0.332017086678,0.103142574204,-0.0124331520592
71.6,-0.557688252798,0.0399212305219,0.0918702261054,-0.0644773934853,-0.610149026409,0.0216414117604,0.0951564836333,-0.0667641199358
71.8,-0.517237357802,0.360770227393,0.0742389945517,-0.11026475634,-0.570217338424,0.3739301997,0.0768997485778,-0.114177875101
72,-0.416140431949,0.640373873391,0.0485526434819,-0.144271133036,-0.463432228173,0.683553510618,0.0503013968548,-0.149396026558
72.2,-0.266051333772,0.8458147328,0.0175732690167,-0.1626950184,-0.302090891333,0.914061696555,0.0182208298991,-0.168482271922
72.4,-0.0844069157136,0.952757878179,-0.0153439380712,-0.163463949509,-0.104929876452,1.03815396807,-0.015868359571,-0.169289999932
72.6,0.107598669377,0.948344352841,-0.0466237551522,-0.14647146143,0.105050558281,1.04092408475,-0.0482645500612,-0.151707700047
72.8,0.287489105283,0.83274654731,-0.0728693597285,-0.113591338806,0.303271930925,0.921661386843,-0.0754505424476,-0.117673864701
73,0.434141077946,0.619196097384,-0.091240969936,-0.0684673271378,0.4664589283,0.693988125285,-0.0944855549667,-0.0709594660286
73.2,0.530269902747,0.33247434045,-0.0997717603964,-0.0161022014312,0.575378239139,0.384309448856,-0.103332319279,-0.0167427247032
73.4,0.564472353777,0.00603689239452,-0.0975852684766,0.0377069155735,0.617111691501,0.0287516304052,-0.101082230253,0.038975308794
73.6,0.532584454152,-0.32189398023,-0.084989753787,0.0870224911389,0.586594137125,-0.331056449037,-0.088053141431,0.0900476166972
73.8,0.438191844859,-0.612812142986,-0.0634390270164,0.126435101655,0.487232197958,-0.652865279835,-0.065748942283,0.130873233654
74,0.292229726223,-0.832458666627,-0.035364505614,0.151670272128,0.330527761034,-0.898776417905,-0.0366858286249,0.157025488008
74.2,0.111716579448,-0.954866601283,-0.00389792977281,0.160064560083,0.13474731099,-1.03971728671,-0.00410536892891,0.165744958792
74.4,-0.0822317375156,-0.965440416268,0.0274834044773,0.15085692826,-0.0772090189502,-1.05888906455,0.02839266949,0.156241286223
74.6,-0.266875509861,-0.862703570001,0.0553482931232,0.125262753073,-0.280489797337,-0.953777235949,0.0572557151425,0.129770017495
74.8,-0.420522025956,-0.658503988766,0.0766954836504,0.086322834498,-0.45121128124,-0.736483053073,0.07937577418,0.0894765620069
75,-0.525079380679,-0.376648966673,0.0892861455467,0.038545614749,-0.569269413573,-0.432332040437,0.0924336669169,0.0400260769057
75.2,-0.568191814816,-0.050126666046,0.0918874207795,-0.01261550675,-0.620712909231,-0.0769193852283,0.0951512641294,-0.0129373841318
75.4,-0.544703854461,0.282761028999,0.0843998812481,-0.0613890860604,-0.599396513082,0.288062584997,0.0874235851648,-0.0634396743861
75.6,-0.457279198464,0.582900015805,0.067855160648,-0.102344361723,-0.507717883718,0.619724691166,0.0703165284057,-0.105858369965
75.8,-0.316099752168,0.814969517498,0.0442849915295,-0.13100603597,-0.356349380092,0.879031602554,0.0459314909223,-0.135559186013
76,-0.137678687568,0.951607988704,0.0164776330045,-0.144354759233,-0.162994580167,1.03540661327,0.017153406166,-0.149414171163
76.2,0.0570739092951,0.976646719919,-0.0123494822637,-0.14115648223,0.0496853852801,1.07034581462,-0.0126879761727,-0.146142838505
76.4,0.245305770687,0.887027942386,-0.0389225982788,-0.122083873203,0.256732308745,0.979613272915,-0.0402039542075,-0.126438119537
76.6,0.404908768405,0.693179254277,-0.0602867131565,-0.0896172093098,0.43382516248,0.773756053978,-0.0623351018173,-0.0928640822923
76.8,0.517120341629,0.417798434316,-0.0741396548186,-0.047737721467,0.560142383,0.476876332806,-0.0766971173725,-0.0495388188106
77,0.568733244465,0.093190593265,-0.0790869688349,-0.00145033121624,0.620814562254,0.123803883327,-0.0818447638785,-0.00164070646445
77.2,0.553652797357,-0.242529141833,-0.0747888712533,0.0438077091759,0.608677987746,-0.243998483243,-0.0774241354998,0.0452034902847
77.4,0.473617659627,-0.549919929859,-0.0619832400381,0.0828028347388,0.525121810575,-0.583313938002,-0.064196647564,0.0855768245761
77.6,0.33799875897,-0.792857635037,-0.0423831295627,0.111111603515,0.379928501614,-0.854259556144,-0.0439331634892,0.114899846954
77.8,0.162699755529,-0.942787664942,-0.0184618985476,0.125627164656,0.190126038741,-1.02498272505,-0.0191917886415,0.129954909831
78,-0.0317115811086,-0.982086493,0.00684795740851,0.124907407924,-0.0220131043101,-1.07541181709,0.00699368184818,0.12924669268
78.2,-0.222420982518,-0.906135434502,0.0305062897092,0.109325228246,-0.231590424737,-0.999618669074,0.0314774373966,0.113157978166
78.4,-0.387049464405,-0.723862393509,0.0497254830901,0.0810046618321,-0.414008760187,-0.806514477727,0.0513743879501,0.0838838425614
78.6,-0.506283397381,-0.456688250602,0.0622969886509,0.0435517759801,-0.547863660252,-0.518797629921,0.0643981281025,0.0451534253174
78.8,-0.566143211106,-0.136002877783,0.0668460663937,0.00161318375298,-0.617458250319,-0.170278396069,0.0691246562748,0.00177327068876
79,-0.559623842663,0.200530842602,0.062985266523,-0.0396848924705,-0.614645658361,0.198103115085,0.0651513400984,-0.0409530086647
79.2,-0.487514254732,0.513408645572,0.0513492622718,-0.0753503014849,-0.539782538927,0.543095451371,0.053133120735,-0.0778597257531
79.4,-0.358300214683,0.765929520676,0.0335077198816,-0.101118763312,-0.401682150191,0.824222312427,0.0346925106747,-0.104533619057
79.6,-0.187162578141,0.928506238785,0.0117672967994,-0.11395778552,-0.216573396693,1.00853768612,0.0122148471189,-0.117835410607
79.8,0.00581020735041,0.982134758818,-0.0111130945492,-0.112421525074,-0.00618929917745,1.07449014537,-0.0114462343282,-0.11626717772
80,0.197984329336,0.920615349571,-0.0322594614637,-0.0968151812938,0.204789317238,1.01444264523,-0.0333176253617,-0.100142663198
80.2,0.366839187613,0.751265932104,-0.0490319641156,-0.0691500892698,0.391633559132,0.835553289478,-0.0506680897636,-0.0715410159341
80.4,0.492609502053,0.494046112459,-0.0593445240759,-0.0328954355784,0.532468324304,0.558916070788,-0.0613389941325,-0.0340500678379
80.6,0.560600576156,0.179197569017,-0.0619167473551,0.00744346999168,0.610835297714,0.217065610823,-0.0640050354518,0.00766989722912
80.8,0.562905301371,-0.156319210819,-0.0564282140786,0.0468699813259,0.617616541788,-0.149857774157,-0.0583339681953,0.0484497589452
81,0.499322291091,-0.473170894956,-0.0435568292025,0.0804990839252,0.552093857628,-0.498829414305,-0.0450263786154,0.0832354345826
81.2,0.377368770075,-0.734267953953,-0.0248967248406,0.104146832414,0.422021084444,-0.788991573853,-0.0257308288969,0.107697807463
81.4,0.211388368346,-0.909109368472,-0.00276552712434,0.114836169812,0.242702697288,-0.986440776502,-0.00284451470078,0.118756179407
81.6,0.0208602188045,-0.977346049732,0.0200760398596,0.111158928852,0.0351887522191,-1.06818975802,0.0207768015097,0.114952943366
81.8,-0.171890753612,-0.931146665295,0.0407587955495,0.0934508051276,-0.176200307412,-1.02484103125,0.0421650082499,0.0966347489875
82,-0.344312683603,-0.776091230035,0.0566540748574,0.0637581863167,-0.366727349749,-0.861661549374,0.058600714314,0.0659182949595
82.2,-0.476267143352,-0.530491304188,0.0656953347116,0.0256003251302,-0.51413544783,-0.597936446437,0.0679460239286,0.0264443413358
82.4,-0.552381673609,-0.223220448995,0.0666338496894,-0.016445435668,-0.601248443355,-0.264682045748,0.0689091290833,-0.0170513996159
82.6,-0.563839616576,0.109687011204,0.0591976679468,-0.0572866882693,-0.617971272094,0.0990095362222,0.0612088131174,-0.0593001120943
82.8,-0.509399033148,0.429267308557,0.0441343794117,-0.0919232502064,-0.562457276393,0.450562313216,0.0456187347705,-0.095128259718
83,-0.395523314744,0.698191013507,0.0231319588142,-0.116046956419,-0.441307921502,0.74890462895,0.0238855489319,-0.120078242641
83.2,-0.235610396047,0.885124277794,-0.00137362349441,-0.126562844272,-0.268783979184,0.95926868943,-0.00147014680795,-0.130947741547
83.4,-0.0484129776648,0.968377931255,-0.0264818772427,-0.121969650157,-0.0651229771985,1.05724045343,-0.0274471285837,-0.126183498642
83.6,0.144163477763,0.938419770039,-0.0491693195049,-0.102553892754,0.14583802111,1.03158845181,-0.0509169443058,-0.106082208583
83.8,0.319626006243,0.798959687661,-0.0666489809722,-0.0703735994065,0.339454606044,0.885544474725,-0.0689959271503,-0.0727737306134
84,0.457521995928,0.566485069445,-0.0767054717755,-0.0290323956004,0.493154814355,0.636391138463,-0.0793919273774,-0.0299873555917
84.2,0.541822548772,0.268305342488,-0.0779658220841,0.0167306621788,0.589069916998,0.313409671868,-0.0806845896837,0.0173726174725
84.4,0.562783737028,-0.0606615152619,-0.0700736365043,0.0615883629866,0.616109704367,-0.045567400879,-0.0725055805233,0.0637932126972
84.6,0.518069927825,-0.38198163133,-0.0537452715591,0.100246264236,0.571241569153,-0.398591977615,-0.055596728212,0.103795345478
84.8,0.413010115906,-0.658196885665,-0.0307004668492,0.128064857858,0.45982635134,-0.704503863767,-0.0317382377829,0.132577700941
85,0.259959732675,-0.857190475077,-0.00347453527015,0.141610079988,0.294974403174,-0.927728648148,-0.00355432926309,0.14658647767
85.2,0.0768447916385,-0.95591781946,0.0248668677844,0.139067292756,0.0959997010506,-1.04241091164,0.025781951178,0.143943856276
85.4,-0.114939694236,-0.943069942446,0.0510778517579,0.120469507061,-0.113845272294,-1.03540313662,0.0529110696593,0.124684235253
85.6,-0.293030371819,-0.820362305777,0.0721069511435,0.0877120632386,-0.310087914477,-0.907765677671,0.0746747624975,0.0907694711364
85.8,-0.436702900509,-0.602303194842,0.0854529031953,0.0443507562509,-0.46988923045,-0.674607752728,0.0884842610442,0.045879993678
86,-0.529282081303,-0.314473241423,0.0894600437722,-0.00479439557136,-0.574700201731,-0.363293126866,0.0926260324229,-0.0049952397967
86.2,-0.560074722349,0.00947918699788,0.0835185986114,-0.0541848212263,-0.612412103401,-0.0102243703981,0.0864690966175,-0.056123473215
86.4,-0.525601578518,0.331773317518,0.068145992984,-0.0981960193989,-0.578751909673,0.343415821043,0.0705492035136,-0.101682898302
86.6,-0.42998690374,0.614901560419,0.0449389698423,-0.131764280197,-0.477762501719,0.656467775998,0.046519297444,-0.136432022644
86.8,-0.284462530526,0.825991748413,0.0164012160716,-0.150972720211,-0.321314298901,0.892582391171,0.0169711273808,-0.156316257178
87,-0.106046452615,0.940619125218,-0.014334379346,-0.153508587815,-0.127707687709,1.02443667254,-0.01485220986,-0.158941295189
87.2,0.0844483519714,0.945626722562,-0.0438574480947,-0.138938452748,0.0804688942863,1.03688914257,-0.0454203123402,-0.143858020543
87.4,0.264841750209,0.840629302506,-0.0688657850138,-0.108768781385,0.278974367907,0.928711656508,-0.0713146410113,-0.1126252977
87.6,0.414167764357,0.638029863703,-0.0865407793478,-0.066284105901,0.444736467502,0.71270056897,-0.0896171376551,-0.0686425654364
87.8,0.515109147625,0.361550841493,-0.0948695211874,-0.0161806635866,0.558531057269,0.414158864372,-0.0982436676074,-0.0167707222515
88,0.556002850386,0.0434544374725,-0.0928764679205,0.0359629623565,0.607208527882,0.0679298619004,-0.0961838677837,0.0372157240655
88.2,0.532184544486,-0.279221962573,-0.0807378512579,0.0843177715645,0.585209889745,-0.28566946276,-0.0836196344278,0.0872827079347
88.4,0.446517653942,-0.568976054712,-0.0597654158635,0.123466471727,0.49519826307,-0.605540939536,-0.0619083634426,0.127821956914
88.6,0.309047321596,-0.792195303865,-0.0322610608461,0.149019828444,0.347734514569,-0.854577669452,-0.0334325603488,0.154289010175
88.8,0.135821367452,-0.923050992207,-0.00125877685291,0.158116440133,0.160036808532,-1.00396295223,-0.00133277793395,0.163720620099
89,-0.0529832222936,-0.946481259528,0.029816777619,0.149748490738,-0.0460300516841,-1.03649847783,0.0308457542692,0.155072066979
89.2,-0.235409550505,-0.859919431541,0.0575361335182,0.124876026215,-0.246500684885,-0.948578305985,0.0595525226952,0.129335605646
89.4,-0.390272430357,-0.673570079865,0.0788512668003,0.0863166253323,-0.418094277657,-0.750582930915,0.0816315681958,0.0894264363994
89.6,-0.499616128874,-0.409203876422,0.0914381749792,0.0384231791595,-0.540915445045,-0.465651183435,0.0946761465755,0.0398493406833
89.8,-0.550793474836,-0.097613844092,0.0939567267422,-0.0134131318087,-0.60075788377,-0.126975586506,0.0972977893117,-0.0138156484282
90,-0.537925996353,0.224969763853,0.0861982559704,-0.0633774869927,-0.590744536638,0.226062662421,0.0892791919655,-0.0655493768748
90.2,-0.462576898845,0.521088820118,0.0691042802783,-0.105893047588,-0.512115341277,0.552469311336,0.0715937163209,-0.109578381808
90.4,-0.333560157491,0.75640236812,0.0446545305959,-0.136253582879,-0.374072690277,0.814392200845,0.0462896161427,-0.14102975884
90.6,-0.16590916416,0.903664019793,0.0156374720053,-0.151154591402,-0.192703986201,0.981505114256,0.016252615538,-0.156481030164
90.8,0.0208743585432,0.945871789414,-0.0146700536285,-0.149062230449,0.0108925145727,1.03451345128,-0.0151256079651,-0.154342189519
91,0.205087321201,0.878226937005,-0.0428770760965,-0.130378178348,0.213060348199,0.967377276532,-0.0443347611593,-0.135026563825
91.2,0.365344825731,0.708676715303,-0.0658635770189,-0.0973821676238,0.390331121472,0.787996270253,-0.0681445303365,-0.100891567794
91.4,0.483060146251,0.456980022417,-0.0811322479321,-0.0539596039428,0.522145970355,0.517279351536,-0.0839687330371,-0.0559570021001
91.6,0.544597904963,0.152405872963,-0.0870867718461,-0.00514645020771,0.593237027158,0.186708633696,-0.0901534601749,-0.00543417817359
91.8,0.542851370966,-0.169667422869,-0.0832050933148,0.0434554586816,0.595393443375,-0.165318670878,-0.0861565593322,0.0448791228789
92,0.47806172535,-0.471857654777,-0.0700883736729,0.0863247209177,0.528408035601,-0.497945807779,-0.0725984665399,0.0892675423731
92.2,0.357785045794,-0.719112883563,-0.0493807473416,0.118653462207,0.400095643547,-0.772593148596,-0.0511793159286,0.122753443029
92.4,0.196011488988,-0.882772561377,-0.0235699268512,0.136894192037,0.225381809771,-0.957427596727,-0.0244727107176,0.141663028642
92.6,0.0115392728466,-0.943885749329,0.00430758245964,0.139157653208,0.0245679779692,-1.03104770973,0.00437926634573,0.144038308137
92.8,-0.174207754139,-0.895402819134,0.0310219879573,0.125416401146,-0.179025367576,-0.984958569431,0.0320339311247,0.129848038459
93,-0.339665871966,-0.742987534267,0.05352491691,0.0974915516614,-0.361764326356,-0.824550632312,0.0553358005867,0.100974272147
93.2,-0.465632500302,-0.504356094442,0.0692998012258,0.0588253856602,-0.502442444743,-0.568469933388,0.0716792746558,0.0609772661742
93.4,-0.537492729084,-0.207220147067,0.0766474702998,0.0140673563322,-0.584739338055,-0.246453097189,0.0793043087833,0.0146672354148
93.6,-0.546913494811,0.11392775899,0.0748742263643,-0.03147738066,-0.599112356219,0.104121853164,0.0774911984107,-0.0324662331964
93.8,-0.492809213328,0.421813922186,0.0643611940034,-0.0724720022969,-0.54390226623,0.442569398255,0.0666325126107,-0.0748999408316
94,-0.381467056151,0.68070525641,0.0465076737263,-0.104171523335,-0.425524941497,0.729613327412,0.0481746372061,-0.107722369245
94.2,-0.225817370732,0.860552613179,0.0235559576706,-0.122973034475,-0.257726872967,0.931940319956,0.024436629826,-0.12720322613
94.4,-0.0439337452274,0.940475774144,-0.00168113539615,-0.126828774235,-0.0599907176676,1.02606298829,-0.00167162838568,-0.131221102298
94.6,0.143063543045,0.911186315769,-0.0261574851576,-0.11547440143,0.144724455707,1.00104485768,-0.0269983401558,-0.119499927165
94.8,0.313457803537,0.776067369228,-0.0469557135208,-0.0904466149956,0.332646464296,0.859771332085,-0.0485244304612,-0.0936274445343
95,0.447455982305,0.550784684836,-0.061631383178,-0.0548890065368,0.481948261916,0.618618878796,-0.0637197655453,-0.0568545307079
95.2,0.52948633622,0.261473418891,-0.0684989679346,-0.01316983278,0.575281427281,0.305560042123,-0.0708391578159,-0.0136998449112
95.4,0.55000721194,-0.0582899560286,-0.0668262160029,0.0296426382934,0.601791061253,-0.0430769507557,-0.0691236060361,0.0305929616792
95.6,0.506616926798,-0.371380345439,-0.0569144234683,0.0683849850313,0.558378197445,-0.386819252783,-0.0588834928208,0.0706810997635
95.8,0.404335634735,-0.64143062237,-0.0400556378286,0.0984122280415,0.450062899318,-0.68574365715,-0.041454432913,0.101757608046
96,0.255025971427,-0.837053063808,-0.0183723330586,0.116147851636,0.289405366575,-0.905110183828,-0.0190314930143,0.120120596638
96.2,0.0760191155705,-0.935486002899,0.00544106644775,0.119505572191,0.0950515607433,-1.01939765041,0.00559817684853,0.123609826028
96.4,-0.11189488432,-0.925242220287,0.0284439072245,0.108133385004,-0.110428556871,-1.01527266662,0.0293923277727,0.111859414434
96.6,-0.286879779723,-0.807450905351,0.047803495828,0.083451416214,-0.303159879816,-0.893146647217,0.0494200901826,0.0863371891247
96.8,-0.428589071935,-0.595736191297,0.0611356825595,0.0484794196151,-0.460734538272,-0.667138782885,0.0632144093489,0.0501663561801
97,-0.52053093732,-0.314644844104,0.0667914293409,0.0074745366929,-0.564816116165,-0.363447579846,0.0690686183273,0.0077508058438
97.2,-0.551987361669,0.00319596136786,0.0640553726048,-0.0345777238559,-0.603273179912,-0.0173182102844,0.0662419698382,-0.0357515101769
97.4,-0.519264164179,0.32086223475,0.0532328146165,-0.0725590520437,-0.571593888762,0.331043896036,0.0550497314393,-0.0750448075557
97.6,-0.426126025759,0.601419876821,0.035614773956,-0.101830018455,-0.47341663119,0.641140003284,0.036827103668,-0.105328426973
97.8,-0.283365112066,0.812217221774,0.0133251462285,-0.118785527563,-0.320114081515,0.876884280989,0.0137711430212,-0.122871655206
98,-0.10755245982,0.92868474856,-0.0109320256956,-0.121288287673,-0.129477936943,1.01080264212,-0.0113206935016,-0.12546235771
98.2,0.0808836918451,0.937199807725,-0.0341953365246,-0.108928865905,0.0763438646421,1.02723568294,-0.0353845153498,-0.112676188128
98.4,0.260030038594,0.836682174559,-0.0536006919045,-0.0830812763472,0.27341858001,0.924172145226,-0.055456985913,-0.0859342266142
98.6,0.409035570427,0.63873321732,-0.0667258597434,-0.0467470984444,0.438810435305,0.713497869683,-0.0690318586341,-0.0483417842884
98.8,0.510538156241,0.36630046351,-0.0718839887155,-0.00420602254414,0.553249553202,0.419629031709,-0.0743637247876,-0.00432687912712
99,0.552687982628,0.0510207641314,-0.0683311037124,0.0394864492995,0.603377500843,0.0766862400026,-0.0706827599828,0.040879482287
99.2,0.530531958534,-0.270450825587,-0.0563626408784,0.0790953365064,0.583307709115,-0.275463984319,-0.0582946574099,0.0818603660949
99.4,0.44659719111,-0.56070084362,-0.0372870961972,0.109826528157,0.495318319006,-0.595841541799,-0.0385533992424,0.113654860867
99.6,0.31060458781,-0.785911092214,-0.0132793091733,0.127898116854,0.349595673275,-0.847120922209,-0.0137094683181,0.13234934052
99.8,0.13834476733,-0.919799622021,0.0128699058222,0.130995241679,0.163057021964,-0.999980493998,0.013349211547,0.135548206622
100,-0.0501539857246,-0.946689646874,0.0380787989038,0.118554443103,-0.0426117739589,-1.03652599737,0.0394336200547,0.122668221516
100.2,-0.232953372238,-0.863347753899,0.0593365091247,0.0918433743262,-0.243476160813,-0.952388220123,0.0614280666971,0.0950210741438
100.4,-0.388757955004,-0.679375474238,0.0740593013371,0.0538256063595,-0.416137771174,-0.757248520596,0.076658849736,0.0556735451475
100.6,-0.499396237773,-0.416106404118,0.0803993093551,0.00882542036234,-0.540460289814,-0.473728539054,0.0832137791172,0.00910067168393
100.8,-0.551940836229,-0.104135082541,0.0774692579419,-0.0379690394648,-0.601918702552,-0.134770890707,0.0801747584295,-0.0393283869632
101,-0.540220239145,0.220236524713,0.06545631068,-0.0811068243359,-0.593297707721,0.220186316114,0.0677356311927,-0.0839723590286
101.2,-0.465545179541,0.519222453282,0.04561104168,-0.115509628713,-0.515540484381,0.549797195273,0.0471907948668,-0.119575490692
101.4,-0.336563904514,0.757954812664,0.0201120633186,-0.137067534532,-0.377647728166,0.815624471347,0.0207951270688,-0.141884118012
101.6,-0.168262046838,0.908551582317,-0.0081786330453,-0.143125326794,-0.195637420663,0.986623403064,-0.00848919928333,-0.148150016829
101.8,0.0197774457018,0.953375337018,-0.0360417465178,-0.132802171448,0.00931467797511,1.04276991578,-0.0373301664187,-0.13746131584
102,0.205652413961,0.887101687559,-0.0602706545142,-0.107106668117,0.213338107559,0.97740854696,-0.0624088296739,-0.11086164773
102.2,0.367692670846,0.717354450707,-0.0780425469732,-0.0688329912017,0.392647935902,0.798044438843,-0.0808034378134,-0.0712427401529
102.4,0.486987075256,0.463831393796,-0.0872476161792,-0.0222492608326,0.526318296715,0.525484697681,-0.090330158097,-0.0230219643079
102.6,0.549591696304,0.156020415011,-0.0867379043972,0.0273865176288,0.598725705226,0.191426903774,-0.0898006629216,0.0283585971461
102.8,0.548161063426,-0.170229314206,-0.0764665829798,0.0744274596551,0.601376684685,-0.165226049731,-0.0791663247052,0.0770541469783
103,0.482811464554,-0.476882655531,-0.0575010310441,0.11348652201,0.533905682525,-0.502896495988,-0.0595317988361,0.117488589422
103.2,0.361114623492,-0.72815392689,-0.0319076435927,0.140057973481,0.404125796362,-0.782180261856,-0.0330358446776,0.14499778143
103.4,0.19722145955,-0.894685023001,-0.00252114102933,0.151039611622,0.22712523495,-0.970447118395,-0.00261259590739,0.156370093357
103.6,0.0102171864637,-0.956978116433,0.0273754480933,0.145095044323,0.0235138348396,-1.04565597582,0.0283396388313,0.150221467353
103.8,-0.178101119404,-0.907681195641,0.0544235592438,0.12281373895,-0.182976672299,-0.998938326404,0.0563441981697,0.127161184551
104,-0.345765677737,-0.752458142368,0.0755718586479,0.0866498620665,-0.368259223847,-0.835646695795,0.0782422586385,0.0897286853505
104.2,-0.473201552524,-0.509340047296,0.0884249915949,0.0406464888898,-0.510702217642,-0.574743776067,0.0915538396027,0.0421082361817
104.4,-0.545513289665,-0.206631769974,0.0915181349808,-0.0100234091033,-0.593656372435,-0.246601621914,0.0947620351505,-0.0103460650348
104.6,-0.554227346684,0.120383346724,0.0844856629917,-0.0596465686372,-0.607402281534,0.110533833642,0.0874876659574,-0.0617204859205
104.8,-0.498286293232,0.43355696094,0.0681043941154,-0.102621852147,-0.550290624004,0.455001396595,0.0705341267984,-0.106216916616
105,-0.384177954152,0.696327700639,0.0442063157358,-0.134100383225,-0.428941070064,0.746586432407,0.0457971372271,-0.138815466466
105.2,-0.225183613615,0.87799180269,0.0154707112113,-0.150539674686,-0.257475757383,0.951218232548,0.0160496575556,-0.155848091757
105.4,-0.0398323128664,0.957293241739,-0.01488049515,-0.150107924806,-0.0558759987593,1.04495386515,-0.0153733898402,-0.155417187131
105.6,0.150258876285,0.924913199345,-0.0434492148766,-0.132891944294,0.152346576512,1.01678227639,-0.0449544165125,-0.137610960171
105.8,0.322906804351,0.784566976832,-0.0670474238549,-0.100884847805,0.342892949664,0.869919860017,-0.0693929420631,-0.10449086959
106,0.457952076633,0.552578981119,-0.0830588203073,-0.0577550723805,0.493513576341,0.621444766717,-0.0859799723298,-0.0598527242674
106.2,0.539614242675,0.255984231301,-0.0897344544828,-0.00842352449032,0.586607805833,0.300311323131,-0.0929040684084,-0.00878916355712
106.4,0.558337006989,-0.0706228474099,-0.0863885200831,0.0415022167092,0.61128196078,-0.0560246231668,-0.0894541050949,0.0428958576378
106.6,0.511907526979,-0.389124927815,-0.0734720408635,0.0863712619703,0.564625226706,-0.405975999368,-0.0760956618979,0.089352924685
106.8,0.40571855977,-0.662332377203,-0.0525162864002,0.121136090441,0.452053758624,-0.708680280603,-0.0544125820913,0.125356516749
107,0.252142322291,-0.858327990059,-0.0259527748081,0.141928022895,0.286682230936,-0.928773438314,-0.0269207844971,0.146900727047
107.2,0.0690887400292,-0.954197940886,0.00316907237849,0.14649532215,0.0877957194412,-1.04052395022,0.00322388158066,0.15165285767
107.4,-0.122083862174,-0.938712507099,0.0315338102201,0.134453754646,-0.121399983622,-1.03084324939,0.0325897865414,0.139212951968
107.6,-0.299061792145,-0.813642679985,0.055940640771,0.107321232788,-0.316487073902,-0.90082010984,0.0578635113428,0.111149870804
107.8,-0.441181601311,-0.5935581378,0.0736689263295,0.0683331940893,-0.474687122035,-0.665598902495,0.076228195127,0.0708104288237
108,-0.531843844345,-0.304129568609,0.0827864863421,0.0220607518551,-0.577521985518,-0.352615248471,0.085682705508,0.0229243736122
108.2,-0.560452864036,0.0208667654077,0.0823653701302,-0.0261235717719,-0.612973219613,0.00160530351876,0.0852650806309,-0.0269484340268
108.4,-0.52365578308,0.343492507051,0.0725806197136,-0.0706701856155,-0.576887475148,0.355711827268,0.0751548892222,-0.0730641281819
108.6,-0.425735730741,0.626078045821,0.0546811662855,-0.106494232683,-0.473463434265,0.668357592607,0.0566432584949,-0.110159093557
108.8,-0.278113153729,0.8356229328,0.0308368528856,-0.129560432012,-0.314763155142,0.903030248891,0.0319746872246,-0.134055341541
109,-0.0980133021077,0.947651524518,0.00387991809609,-0.137343364644,-0.11930472399,1.03231800661,0.00407960589791,-0.142137040747
109.2,0.0935445494629,0.949073119802,-0.0230285533792,-0.129110276045,0.0900994905288,1.04111305472,-0.023770755278,-0.133643408833
109.4,0.274201289091,0.839712190071,-0.0467681167524,-0.105994251144,0.289006482719,0.9283776524,-0.0483467351497,-0.109744677609
109.6,0.422868861845,0.632329760449,-0.0646212732797,-0.0708500905375,0.454196968507,0.707266357714,-0.0668352268181,-0.0733931682061
109.8,0.522192838708,0.351133388899,-0.0745864872095,-0.027910522818,0.566386961874,0.403590043028,-0.0771636965554,-0.028967703555
110,0.560578957196,0.0289498761633,-0.0756057095462,0.0177164190094,0.612479754551,0.0528012101683,-0.0782357607525,0.0182464087326
110.2,0.533546891033,-0.296608849107,-0.0676803085889,0.0606496464061,0.587095202791,-0.304147024274,-0.0700512983547,0.0626805604442
110.4,0.444253136255,-0.587538570403,-0.051862422757,0.0958662396517,0.493197695619,-0.625584270946,-0.0536976473197,0.0991360857777
110.6,0.303122003069,-0.809881004989,-0.0301233424732,0.119287822771,0.341749520053,-0.87398951846,-0.0312135333872,0.12339116177
110.8,0.126627920426,-0.937688849601,-0.00511488964906,0.128253709008,0.150430229383,-1.02037243572,-0.00534224323129,0.132690592009
111,-0.0646285918641,-0.956054501903,0.0201477798806,0.121825851788,-0.0584282571088,-1.04765751654,0.0207965521723,0.126061576046
111.2,-0.248326439712,-0.862848842393,0.0426444241803,0.100890442562,-0.26044949668,-0.952675921177,0.0440774956741,0.104419059666
111.4,-0.403029923063,-0.668967290955,0.0597067968529,0.068044872643,-0.432058610301,-0.746532684817,0.0617390778018,0.0704489673154
111.6,-0.510690780376,-0.397054826666,0.0693326078473,0.0272839264963,-0.553234169557,-0.453306872706,0.0717085870057,0.0282836457046
111.8,-0.558754164425,-0.0788593714297,0.07041958252,-0.0164774409602,-0.609844544153,-0.107237050958,0.0728444069422,-0.0169918456961
112,-0.5416227603,0.248476887007,0.0628923102855,-0.0579883134288,-0.595296014956,0.251278663279,0.0650673905713,-0.0599442144753
112.2,-0.461308304844,0.54675473049,0.0477072298496,-0.0922841348627,-0.511300438032,0.580400374635,0.0493661354968,-0.0954359183293
112.4,-0.327194725231,0.78117698563,0.0267354510162,-0.115273906695,-0.367673142196,0.84173077959,0.0276758374869,-0.119232862007
112.6,-0.154940878828,0.924408737631,0.00253748034528,-0.124223244159,-0.181185022517,1.00479572418,0.00264526779503,-0.128504379557
112.8,0.0353486788164,0.959764828529,-0.0219433837122,-0.118076578222,0.0263967842483,1.05059799869,-0.0226804372262,-0.122156799237
113,0.221471076205,0.88315294706,-0.0437326777436,-0.0975807296249,0.230850585755,0.973829929069,-0.0452236073447,-0.100961484294
113.2,0.381716455222,0.703546120178,-0.0601798429094,-0.0651954376094,0.408327254405,0.783487166286,-0.0622414652966,-0.0674624106834
113.4,0.497400711118,0.441930233881,-0.0692747740726,-0.0248014616457,0.538132691962,0.501812890188,-0.071653723303,-0.0256742511414
113.6,0.555044107962,0.128850257774,-0.0698884325803,0.0187593419906,0.605140942118,0.161696593093,-0.072291625226,0.0193934503714
113.8,0.547941727973,-0.199157671072,-0.0619090502105,0.0602578206491,0.601556547261,-0.197168082299,-0.0640389625103,0.0623299912422
114,0.476942830175,-0.50383130881,-0.0462577426239,0.0946976578234,0.527820854952,-0.532917345447,-0.0478483092224,0.0979652181406
114.2,0.350348611124,-0.749646442149,-0.024781547766,0.117908815271,0.392556996403,-0.806401897736,-0.0256304125345,0.121983664122
114.4,0.182940775694,-0.90795915189,-3.63434594257e-05,0.127044347279,0.21156049138,-0.985752144229,-2.96173679921e-05,0.131438735271
114.6,-0.00574527897613,-0.960343177284,0.0250149145145,0.120921939097,0.00595377392737,-1.05009159696,0.0258883549226,0.125106244995
114.8,-0.193700818143,-0.900733607356,0.0473531813296,0.10016969752,-0.200279609916,-0.991965860971,0.0489995914266,0.103635399675
115,-0.359011380453,-0.736127654062,0.064262227663,0.0671586599085,-0.383093166799,-0.818204752444,0.0664933876913,0.0694790751053
115.2,-0.482412036967,-0.485761747314,0.0736531331102,0.0257295064113,-0.521181448256,-0.549118075578,0.0762080604688,0.0266111135633
115.4,-0.549532332729,-0.178861952659,0.0743159943253,-0.0192548683435,-0.598462881277,-0.216120004964,0.0768914581785,-0.0199366127584
115.6,-0.552569335411,0.148768993135,0.0660689375313,-0.0624787733366,-0.605952128358,0.141939804986,0.0683552104071,-0.0646634138732
115.8,-0.491194078944,0.458929286754,0.0497865146634,-0.0987985632076,-0.542804054841,0.483309682994,0.051504163677,-0.102246389269
116,-0.37258620375,0.715472725794,0.0273036788753,-0.123849696386,-0.416408120221,0.768204818211,0.0282370586252,-0.128168670977
116.2,-0.21059330267,0.888520947874,0.00120612892532,-0.134564719046,-0.241522799331,0.963443719329,0.00122960669315,-0.139255522245
116.4,-0.0241135156963,0.957942422114,-0.0254688243761,-0.129541149031,-0.0385515504222,1.04631197714,-0.0263750446266,-0.134055129221
116.6,0.165109616864,0.915693228554,-0.0495861489108,-0.10921565669,0.168838165734,1.00720355552,-0.0513325307505,-0.113018949917
116.8,0.335022667624,0.766747635737,-0.0682804883198,-0.0758234949961,0.356474891503,0.85073267575,-0.0706774854443,-0.0784598247115
117,0.465832509557,0.528511038178,-0.0792940932493,-0.0331471916605,0.502500309871,0.595187837247,-0.0820732808605,-0.0342919869554
117.2,0.542311655177,0.228784739082,-0.0812456130288,0.0139168416931,0.589915197507,0.270392800223,-0.0840902310323,0.0144173843698
117.4,0.555570297024,-0.0974792654075,-0.0737980170658,0.0599237819052,0.608557713482,-0.0857750890885,-0.0763794155585,0.0620333337703
117.6,0.504088922561,-0.412254566486,-0.057705585082,0.0995123930467,0.556283896054,-0.431802631943,-0.0597213556735,0.103007183211
117.8,0.393891664064,-0.678872239562,-0.0347339477632,0.128030059325,0.439213347755,-0.727379255003,-0.0359433066974,0.132523414899
118,0.237840723804,-0.866291856881,-0.00746194130021,0.142077977342,0.271012083284,-0.938092320062,-0.0077142289592,0.147063960639
118.2,0.0541346070541,-0.952714250746,0.0210121613383,0.139912746566,0.0712966870718,-1.03943247204,0.021759218444,0.144823902557
118.4,-0.135814426103,-0.928115700805,0.0474262729245,0.121657157988,-0.136653788265,-1.0196430107,0.0491007167913,0.125929725376
118.6,-0.309876098407,-0.795409136471,0.0687308955057,0.0892950714136,-0.328611256973,-0.881082243995,0.0711538546093,0.0924341198565
118.8,-0.44778015517,-0.570098037458,0.08244269013,0.0464503274983,-0.482221092656,-0.639941182546,0.0853480833608,0.0480872668249
119,-0.533476425422,-0.278464314549,0.0869341219301,-0.00202525143946,-0.579604914964,-0.324350543996,0.0899985323031,-0.00208948290088
119.2,-0.557002198861,0.0454978944322,0.0816253952968,-0.0506074795546,-0.609440706738,0.0289014657614,0.0845047110817,-0.0523785996338
119.4,-0.515639751772,0.364044729321,0.0670561397385,-0.0937349749037,-0.568278349637,0.378657559258,0.0694247654882,-0.0970237362808
119.6,-0.414229635208,0.640079536117,0.0448281924645,-0.126450448326,-0.460937836191,0.684186068037,0.0464163213972,-0.130893469135
119.8,-0.264603706261,0.841472084025,0.0174257394502,-0.144973843898,-0.299944303971,0.909923454026,0.0180503888576,-0.150074549935
120,-0.0842043782592,0.94479731598,-0.0120667081875,-0.147140842593,-0.104066190128,1.02961259751,-0.0124804887637,-0.152325849138
120.2,0.105948742561,0.938058757474,-0.040316162634,-0.132655750402,0.103872833467,1.02935551099,-0.0417263759625,-0.137340217456
120.4,0.283707791704,0.822080145378,-0.0641223614365,-0.103129235255,0.299653051312,0.909225772221,-0.0663744936082,-0.10678368197
120.6,0.428375868506,0.610404015938,-0.0807843997977,-0.0618962679074,0.460479235034,0.683253797932,-0.0836287156421,-0.0641071525593
120.8,0.523116248117,0.327709830822,-0.0884105014426,-0.0136350726211,0.56763411701,0.37778753949,-0.0915302401801,-0.0141521552177
121,0.556911225789,0.00693648741938,-0.0861351667248,0.0361690507044,0.608656024473,0.0284202191125,-0.0891824167555,0.0374040268454
121.2,0.525842788118,-0.314555281926,-0.074218611491,0.0818531878602,0.578787424894,-0.324156646298,-0.0768537570492,0.0846998070172
121.4,0.43354633736,-0.599333576743,-0.0540169940766,0.118226888418,0.481526103178,-0.638891832441,-0.0559472137654,0.122362141185
121.6,0.290784996713,-0.814252542617,-0.0278268471097,0.141167792029,0.328215195986,-0.879152918788,-0.0288392529533,0.146123070794
121.8,0.114194384523,-0.934309092941,0.0013783433558,0.148094032476,0.13672018109,-1.0169886607,0.00139272022439,0.153308780163
122,-0.0756557462272,-0.945550557423,0.0302890199181,0.13825891681,-0.0706528568351,-1.03637946582,0.0313231359125,0.143144746245
122.2,-0.256657173183,-0.846695285511,0.0556385760952,0.112833958427,-0.269755140713,-0.935098157818,0.0575705428935,0.116841856086
122.4,-0.407737217225,-0.649278102958,0.0745768215374,0.0747708491461,-0.43740678511,-0.724965039326,0.0771841765342,0.0774537280044
122.6,-0.511311491726,-0.376304204278,0.0849948754695,0.0284585415904,-0.554094787833,-0.430468144657,0.0879802894527,0.0295219534397
122.8,-0.555329987336,-0.0595685890061,0.0857641332048,-0.0207846896962,-0.606243495966,-0.0859097600836,0.0887895766783,-0.0214494956448
123,-0.534678497389,0.264046663135,0.0768619279548,-0.067325281034,-0.587793456705,0.268588330504,0.0795873502131,-0.0696297192678
123.2,-0.451772466255,0.556866171872,0.0593696454532,-0.105863367143,-0.500905111071,0.591755763409,0.061491710403,-0.109532582595
123.4,-0.316274349866,0.784806351623,0.0353438164573,-0.132041632333,-0.355705662008,0.84597704855,0.0366302446359,-0.136646933509
123.6,-0.143967575021,0.921341592593,0.00757539799635,-0.142943694404,-0.169108793014,1.0016686615,0.00789098381385,-0.147952547858
123.8,0.0450816932692,0.950590152418,-0.0207346447899,-0.137424602403,0.0371552229963,1.04072061173,-0.0214132989029,-0.142262362718
124,0.2288609303,0.86916088591,-0.0463457225367,-0.116235586304,0.239069645881,0.958602262347,-0.0479284011404,-0.120351793659
124.2,0.385973809846,0.686546160216,-0.0663510069051,-0.081929120375,0.413127105547,0.764887636354,-0.0686451526394,-0.0848606889636
124.4,0.498130703922,0.424015461018,-0.0785106141519,-0.0385558685533,0.53906577285,0.482139340739,-0.0812443099092,-0.0399798713257
124.6,0.552277312492,0.112138617917,-0.0815061574546,0.00881079578719,0.602227472413,0.143281184601,-0.0843601053002,0.00904081332565
124.8,0.542113751124,-0.212773019127,-0.0750874618211,0.0546670638027,0.595263372063,-0.212234642427,-0.0777322136871,0.0565053796449
125,0.468827372018,-0.512893269889,-0.0600948299215,0.0937186846729,0.518988821482,-0.543019768691,-0.0622289320125,0.0969340410037
125.2,0.340954094422,-0.753283832599,-0.0383547434469,0.121494213939,0.382287926772,-0.810566849158,-0.0397393685542,0.125697937619
125.4,0.17338442977,-0.905960711676,-0.012461594058,0.134860329627,0.201079020114,-0.983731270911,-0.0129476624929,0.139552575071
125.6,-0.0143700909046,-0.95315120346,0.0145287504864,0.132379581762,-0.00353854690976,-1.04235589154,0.0149840707416,0.137008243016
125.8,-0.200448321162,-0.889362455913,0.0394575602901,0.114469412693,-0.207740601094,-0.979617050057,0.0407868350496,0.118494795574
126,-0.363184384485,-0.722020881961,0.0594320852707,0.0833445166803,-0.387751487344,-0.802818854241,0.0614664770563,0.0863022138895
126.2,-0.483629861044,-0.470607978079,0.0721616047697,0.0427498855131,-0.522611792425,-0.532543274065,0.074651514196,0.044304531629
126.4,-0.547759726432,-0.164393043084,0.0762216111735,-0.00248373494482,-0.596618336224,-0.200254865439,0.0788666244739,-0.00250006482413
126.6,-0.54810527921,0.160973440604,0.0712155468669,-0.0470096139673,-0.601152433914,0.155361237024,0.0737001405985,-0.0485787866863
126.8,-0.484623960106,0.467609402123,0.0578155552202,-0.0855931696332,-0.535683599817,0.492902000662,0.059846350177,-0.0885142588591
127,-0.364704758898,0.719810891279,0.0376778858562,-0.113724930702,-0.407831803169,0.773065920944,0.0390180767639,-0.117638902107
127.2,-0.202308497585,0.888208705772,0.0132432543482,-0.128146707305,-0.232480938987,0.963228336646,0.0137401882247,-0.132579558143
127.4,-0.0163429680182,0.95318811521,-0.0125541150378,-0.127229625849,-0.0300465997865,1.04124009851,-0.0129514224719,-0.131648861115
127.6,0.171538027183,0.907173538301,-0.0366344040592,-0.111160107597,0.175900321995,0.998007346236,-0.0378698342524,-0.115037885753
127.8,0.339455596849,0.755512055738,-0.0561361176999,-0.0819124021412,0.361377662535,0.838551918729,-0.0580536936275,-0.0847879170342
128,0.467853225513,0.515852665997,-0.0687532542561,-0.0430112902391,0.504784268641,0.581428691004,-0.0711161685656,-0.0445450608142
128.2,0.541774214697,0.216093253644,-0.0730061889435,0.000886877150611,0.589415478804,0.256567340104,-0.0755253381561,0.000873174802727
128.4,0.55260391045,-0.108866027917,-0.0684145660179,0.0445454033076,0.605408904361,-0.0982105535135,-0.0707831997223,0.0460482197441
128.6,0.499073776597,-0.421185260992,-0.0555520321648,0.0827658971314,0.55089386799,-0.441593908309,-0.0574824125964,0.0856006163066
128.8,0.387410262618,-0.684490382292,-0.0359765322636,0.111001676182,0.432210511841,-0.733591743813,-0.0372342690899,0.114824821347
129,0.230610953639,-0.868109070025,-0.012044500871,0.125893916594,0.263172865291,-0.940190133159,-0.0124765049813,0.130244117306
129.2,0.0469320950244,-0.950643667424,0.013369091559,0.12566764234,0.0634614637613,-1.03731426451,0.0138163360404,0.130020521353
129.4,-0.142236571633,-0.922464950328,0.0372118339493,0.11034110331,-0.143667519981,-1.01363410682,0.0384858372212,0.114171607907
129.6,-0.314862336408,-0.786836066211,0.0566159357858,0.0817239819059,-0.334090036629,-0.871886668335,0.0585643709825,0.0845688102135
129.8,-0.450835475032,-0.559535378863,0.0692386185548,0.0432046302118,-0.485623598603,-0.628560450289,0.0716273671456,0.0447173914524
130,-0.534311824831,-0.267021702303,0.0735407410551,-0.000648722026321,-0.58061124891,-0.311978354265,0.0760816899166,-0.000656122138126
130.2,-0.555559103795,0.0566448403767,0.0689708037383,-0.0446260278533,-0.607979071706,0.0409981908847,0.0713561172498,-0.0461606690816
130.4,-0.512091805449,0.373768110502,0.0560325738904,-0.0834896408526,-0.564527472883,0.389260475244,0.0579713974115,-0.0863762391005
130.6,-0.408962291621,0.647405848925,0.0362282270636,-0.112592612472,-0.45530562079,0.692239662088,0.0374814859296,-0.116493730839
130.8,-0.258173941235,0.845673004976,0.0118835131182,-0.128428459429,-0.293025171609,0.914632446535,0.012292688475,-0.132883937166
131,-0.0772844611511,0.945457228236,-0.0141246828526,-0.129047760368,-0.0965812876631,1.03051477022,-0.01461821846,-0.133528755269
131.2,0.112638182335,0.935113537801,-0.038706526869,-0.114292482371,0.111147038618,1.02636421361,-0.0400539270159,-0.118263797578
131.4,0.289469288624,0.81582393212,-0.05892354516,-0.0858202392154,0.30596133461,0.902638625162,-0.0609735951656,-0.0888036207206
131.6,0.432604704471,0.601463105484,-0.0723362979882,-0.0469152576139,0.465162433703,0.673726593475,-0.074852653304,-0.0485462199678
131.8,0.525361648736,0.316985409487,-0.077294531123,-0.00210780461161,0.570195362309,0.366274968483,-0.0799831048529,-0.00217928560474
132,0.556923322435,-0.00447951902609,-0.073135579783,0.0433537103613,0.608812137601,0.0160877151092,-0.0756788969144,0.0448660359326
132.2,0.523600602795,-0.325484520403,-0.0602674790925,0.0841164288044,0.576500344439,-0.336043092293,-0.0623619865611,0.087050208567
132.4,0.429263609853,-0.608626909653,-0.0401266878409,0.115350857434,0.477010816146,-0.649088765677,-0.0415186491314,0.119375029653
132.6,0.284892606941,-0.820906628112,-0.0150149895238,0.133319349036,0.321922653778,-0.886564558577,-0.0155307432237,0.137971990834
132.8,0.107300295189,-0.937572721157,0.012165715114,0.135818596567,0.12929596671,-1.02078224627,0.0125987081182,0.140560290963
133,-0.0828258660363,-0.945009743738,0.0382500205301,0.122444084533,-0.0784309612922,-1.03607900163,0.0395938511127,0.126720617592
133.2,-0.263333392413,-0.842327405337,0.0601779055579,0.0946451399444,-0.277055274323,-0.930645939751,0.0622877596355,0.0979522310239
133.4,-0.41318588376,-0.641467761354,0.0753528998313,0.055563615474,-0.443429501195,-0.716742751337,0.0779931188362,0.0575061250848
133.6,-0.51491476417,-0.365816959139,0.081947669168,0.00967447825594,-0.558159299438,-0.419272854278,0.0848185124786,0.0100131610164
133.8,-0.556655884786,-0.0474828345959,0.0791211897263,-0.0377302745515,-0.607864549397,-0.0728845632437,0.0818932282552,-0.0390499710989
134,-0.533533509375,0.276444785026,0.0671219001705,-0.081154599705,-0.586740145259,0.282064361668,0.069474069315,-0.0839951118766
134.2,-0.448230188887,0.568215526671,0.0472644466231,-0.115537105621,-0.497234363306,0.604208816805,0.048921346193,-0.119583646288
134.4,-0.310675868558,0.793818152541,0.0217823298118,-0.136841145251,-0.349765479458,0.855997256274,0.0225464307053,-0.141637256728
134.6,-0.136892212189,0.926945665194,-0.00642678252271,-0.142527506134,-0.161509384528,1.00806949391,-0.00665178753304,-0.147527208875
134.8,0.0528733891534,0.952063504814,-0.03413378617,-0.131854440779,0.0456007550573,1.04268095872,-0.0353312333454,-0.136484972961
135,0.236506815394,0.86622290516,-0.0581504799822,-0.105969773828,0.247429848033,0.955773937565,-0.0601919943946,-0.109697671183
135.2,0.392604377633,0.679407642197,-0.0756983936769,-0.0677839468066,0.420453526301,0.757453935125,-0.0783580596744,-0.0701768071138
135.4,0.502967781324,0.413373320524,-0.0847313031045,-0.0216383127464,0.544500290529,0.47081513679,-0.0877111499102,-0.0224150735563
135.6,0.554726028393,0.0991140786619,-0.0841739278299,0.0271931893132,0.605103475036,0.129251415036,-0.0871378193412,0.0281293130015
135.8,0.541836803377,-0.226748334909,-0.0740489673116,0.0731114386791,0.595188748478,-0.227434064588,-0.076661004872,0.0756612100475
136,0.465792162123,-0.526232429339,-0.0554775407313,0.110838332072,0.515900255463,-0.557667407741,-0.0574405567659,0.114717344481
136.2,0.335446062027,-0.764424375347,-0.0305527545551,0.136026906192,0.376468873694,-0.822950123283,-0.0316424557332,0.14079781835
136.4,0.165983634942,-0.913548793302,-0.00210082940985,0.145764620663,0.193137715549,-0.992347858453,-0.00219164329107,0.150887083185
136.6,-0.022847825428,-0.956208211334,0.0266427347768,0.138911369702,-0.0127300744189,-1.04609828473,0.0275631027238,0.143803898309
136.8,-0.209040080765,-0.88741328774,0.0524046058989,0.116232917139,-0.217140802549,-0.977917249167,0.0542335975048,0.120339579038
137,-0.370889187363,-0.715166798251,0.0722497841834,0.0803141510714,-0.396266871261,-0.795733986374,0.074781591017,0.0831683682461
137.2,-0.48952572915,-0.459532972525,0.0839190151517,0.0352620792072,-0.529224585088,-0.520769304723,0.0868680319588,0.036540181191
137.4,-0.551115032632,-0.150300371687,0.0860884481405,-0.0137671313866,-0.600509239816,-0.185063868357,0.0891218824624,-0.0142087899672
137.6,-0.548470770818,0.176489466563,0.0785215268809,-0.0611623588897,-0.601803509363,0.172255537918,0.0812974127169,-0.0632710011178
137.8,-0.481893712665,0.482743062389,0.0620955689647,-0.101504203654,-0.532948163315,0.509536638535,0.0643018088535,-0.105036842316
138,-0.359137690455,0.732755979533,0.0386999953752,-0.130189285258,-0.40196178452,0.787457546989,0.0400899378593,-0.134740817901
138.2,-0.194506611479,0.89737595573,0.0110180263788,-0.143959914378,-0.224107029077,0.973611712029,0.0114384880143,-0.149009844942
138.4,-0.00718766750456,0.957402678293,-0.0177828580222,-0.141277884616,-0.0201121523299,1.04628723531,-0.0183743418606,-0.146250262945
138.6,0.180985021994,0.905827642273,-0.0444158504094,-0.122499225548,0.186244953119,0.996999722964,-0.0459465152881,-0.12682887146
138.8,0.348075651004,0.748652732997,-0.0658529141118,-0.0898298562967,0.370908591197,0.83148312456,-0.0681434931193,-0.0930272145665
139,0.474604114984,0.504191884391,-0.0796723353628,-0.0470674942381,0.512349812135,0.569022799853,-0.0824579897989,-0.0487746338556
139.2,0.545817352829,0.200937055597,-0.0843356017869,0.000840047371754,0.594076663765,0.240208370716,-0.0872966156154,0.000808741890421
139.4,0.553409769734,-0.125762790765,-0.0793617136476,0.0483687744906,0.606557407987,-0.116631784598,-0.0821603880929,0.0500058907689
139.6,0.496492081611,-0.437822567232,-0.0653789590834,0.0900579604643,0.548332388301,-0.459898755039,-0.0676984347119,0.0931646753701
139.8,0.381695543614,-0.69886133435,-0.0440484125594,0.121140921733,0.426184824625,-0.749573075079,-0.0456289330834,0.125350708245
140,0.222399338583,-0.878444211474,-0.0178682927369,0.138094014334,0.254350540515,-0.951880922248,-0.0185367316498,0.142915639769
140.2,0.037171149041,-0.955631258987,0.0101178865897,0.139040334007,0.0528586987497,-1.04323238257,0.0104286249331,0.143915120948
140.4,-0.152397306361,-0.921419450582,0.0366753226243,0.123961561533,-0.154803036945,-1.01297248488,0.0379192342067,0.128328239676
140.6,-0.32420742691,-0.779792916098,0.0587528906127,0.0946937452146,-0.344426704241,-0.864624132538,0.0607769069248,0.0980533564526
140.8,-0.458230089494,-0.547258922772,0.0738355252728,0.0547079503857,-0.493906347612,-0.615477920963,0.0763979027961,0.0566812804432
141,-0.538840812896,-0.25092364797,0.0802331831231,0.00870170518604,-0.585815344766,-0.294576609218,0.0830320666639,0.00907260048559
141.2,-0.556641441488,0.074667916942,0.077273006973,-0.0379508753882,-0.609438228062,0.0606707701417,0.0799818122122,-0.0392112913326
141.4,-0.509555932291,0.391559465902,0.065372637217,-0.0798260503721,-0.562020078461,0.408850365657,0.0676781163213,-0.0825570145499
141.6,-0.403072470414,0.662808660067,0.0459864842263,-0.112081402794,-0.449087803322,0.709371957867,0.047625039633,-0.115952209551
141.8,-0.249603679396,0.856794186014,0.0214315746308,-0.131017343159,-0.283805833058,0.92720138019,0.0222196040157,-0.135566738299
142,-0.067039526273,0.950902376363,-0.00538641225466,-0.134503941442,-0.0854413637073,1.03694508841,-0.00553164864122,-0.139194564154
142.2,0.123338346452,0.934163539227,-0.031314722739,-0.122223658442,0.122881898235,1.02581061669,-0.032366106122,-0.12650514004
142.4,0.299337675608,0.808530629211,-0.0533227178943,-0.0957020808023,0.316879574049,0.895097756501,-0.0551471488791,-0.0990754156054
142.6,0.440442738455,0.588651217261,-0.0688555358347,-0.0581235204183,0.473937705914,0.660046639257,-0.0712301837836,-0.0601991930381
142.8,0.530205979334,0.300159412617,-0.0761309899047,-0.0139534299553,0.57574901864,0.348060508578,-0.0787699686412,-0.0144965289127
143,0.558165273906,-0.0233130336586,-0.0743451724001,0.0315879131827,0.610446996422,-0.00448951443876,-0.0769334846013,0.0326308314123
143.2,0.521063326199,-0.344057883163,-0.0637629587235,0.0731387129028,0.573988990833,-0.356505040152,-0.0659937102229,0.0756341026157
143.4,0.423227073497,-0.624686588631,-0.0456830947857,0.105824142643,0.470627150315,-0.66695189845,-0.0472936078103,0.109467883163
143.6,0.276062918828,-0.832488914585,-0.0222822240995,0.125826532391,0.312412325404,-0.899643821446,-0.0230848179402,0.130180304725
143.8,0.0967266981775,-0.943245844278,0.00364364348414,0.130830674925,0.117788853194,-1.0274605984,0.00373980176914,0.135373996006
144,-0.0938765010265,-0.944052293044,0.0290097529688,0.12029234261,-0.0905558882513,-1.03550897345,0.029988271276,0.124484126868
144.2,-0.273529439187,-0.834820641357,0.0508064547773,0.0954988260889,-0.288336397128,-0.9228578766,0.0525460055303,0.0988412377011
144.4,-0.421292596604,-0.628289937109,0.0664535835183,0.0594146527369,-0.452500056064,-0.702645836841,0.0687425656124,0.0615117530602
144.6,-0.519944892541,-0.348539853081,0.074103819852,0.0163307708825,-0.563914188368,-0.400548231678,0.0766656469167,0.016935084009
144.8,-0.557990746179,-0.0281828038484,0.0728595045915,-0.0286415389646,-0.609595937815,-0.0517832440605,0.0753855280926,-0.0295999969447
145,-0.530999560562,0.295438297532,0.0628775408125,-0.0701726245968,-0.584225079825,0.302994267976,0.0650637228411,-0.0725782469152
145.2,-0.442121559706,0.584603288802,0.0453501483247,-0.103341704975,-0.490763495009,0.622432188091,0.046933161395,-0.10690706406
145.4,-0.301719941104,0.805611489988,0.0223637893916,-0.124215874749,-0.34010919593,0.869301288402,0.0231522901867,-0.128515733521
145.6,-0.126162322721,0.932709399595,-0.00334713704905,-0.130313015269,-0.149825348491,1.0148342223,-0.00344974461383,-0.134834578942
145.8,0.0640875450922,0.951091590769,-0.0287229026988,-0.120894355965,0.057907451692,1.04207765468,-0.0297068991718,-0.12509785857
146,0.246855288592,0.858625147386,-0.0507394836247,-0.0970523726799,0.258876867944,0.947866937209,-0.0524898290948,-0.100434879455
146.2,0.400840532728,0.666096823927,-0.0667656336698,-0.061583665467,0.429661024791,0.743193361702,-0.0690754185576,-0.0637385928819
146.4,0.508099360533,0.395954337315,-0.0748740606968,-0.0186616284478,0.550358249153,0.451921425888,-0.0774688403631,-0.0193269824204
