时间t(s),相对位移u=zo-zf(m),相对角phi=thetao-thetaf(rad),直线PTO功率Pl(W),旋转PTO功率Ptheta(W)
0,0,0,0,0
0.2,-0.007220871988,0.000609849686,22.75762419,0.007883036176
0.4,-0.0124731919,0.0004542613521,0.02443724944,0.02925167675
0.6,-0.007214960619,0.0006587625858,20.00994465,0.00639642298
0.8,0.002744738751,0.001111649757,24.58292491,0.007458213225
1,0.01141060368,0.0009872027309,12.95667773,0.001321610495
1.2,0.01708864663,0.001320617571,4.394665168,0.003005915323
1.4,0.01977418815,0.001146402577,0.3054411209,0.002023032691
1.6,0.01909487394,0.0008771051976,1.634333309,0.01049260925
1.8,0.01459259991,0.0005820436976,10.25224127,0.003873999809
2,0.006541298178,-0.0001479551225,22.54793778,0.00812617751
2.2,-0.003888975071,-0.0007379261678,30.62587374,0.02147325628
2.4,-0.01496523147,-0.001520502982,28.95125212,0.007229963258
2.6,-0.02477758287,-0.002255527978,18.32445105,0.01569165605
2.8,-0.03154011942,-0.002769725236,5.584866876,0.005192173808
3,-0.03385470413,-0.003208756756,0.013048313,0.0008583409197
3.2,-0.03095193578,-0.003255293833,7.765501782,3.103254691e-05
3.4,-0.02285884503,-0.003039024535,27.38797797,0.005891223507
3.6,-0.01044252547,-0.002504152101,49.65709929,0.01077998921
3.8,0.004685050269,-0.001617899458,62.40903845,0.02441534314
4,0.02038498151,-0.0005626944642,57.76701336,0.03649812535
4.2,0.03429894874,0.0006826788794,37.51749855,0.03662267711
4.4,0.04420217586,0.001931478644,13.17872653,0.03982106949
4.6,0.04835023563,0.003067156387,0.1891227265,0.02665404225
4.8,0.04576674978,0.004004834005,9.125855414,0.01474173957
5,0.03642614083,0.004579086939,38.91087034,0.004258869254
5.2,0.02130038538,0.004765872121,76.21513753,0.0001047668391
5.4,0.002258545033,0.004499934572,101.9706237,0.005596474689
5.6,-0.01817042127,0.003787053344,101.8149315,0.02115640847
5.8,-0.03714054224,0.002701741755,74.75693137,0.03982275526
6,-0.05189003757,0.001308925245,34.93697073,0.05496598088
6.2,-0.06014373129,-0.0002411964232,4.931208927,0.06391303672
6.4,-0.06045802672,-0.001811377492,3.757585745,0.05786854016
6.6,-0.05245680883,-0.003251772948,35.96462436,0.04374430942
6.8,-0.03692130762,-0.004407320412,88.00367841,0.02406650364
7,-0.01571725242,-0.005174008236,134.4032742,0.00703898404
7.2,0.008434287501,-0.00546156416,150.9523395,4.0829975e-05
7.4,0.03231343667,-0.005239682673,128.039759,0.005701995943
7.6,0.05263770992,-0.004527953804,76.81712951,0.02214128507
7.8,0.06651790363,-0.00338610672,24.39711133,0.043458732
8,0.07186981008,-0.001929494814,0.1091143451,0.06196144181
8.2,0.06772299232,-0.0002945748062,19.81773478,0.06962032802
8.4,0.05438136082,0.001359554553,76.7003748,0.06483333614
8.6,0.03341037221,0.002871493991,143.766642,0.0484603911
8.8,0.007449559612,0.004099839555,187.2939054,0.02716779675
9,-0.0201265263,0.004926567659,184.4455011,0.008993489753
9.2,-0.04565445638,0.005279405397,135.8292774,0.000259097908
9.4,-0.06567517581,0.005132441379,66.11388091,0.003858475779
9.6,-0.07740713355,0.004508909722,11.94240231,0.01766882408
9.8,-0.07913404651,0.003481627936,3.108365982,0.03578910043
10,-0.07045311069,0.002159219964,46.7163044,0.05075752733
10.2,-0.05234810898,0.0006789684529,122.7572617,0.0570270099
10.4,-0.02707555204,-0.0008103721304,193.7442678,0.05217105291
10.6,0.002122523468,-0.002164375084,223.728675,0.03852657709
10.8,0.03144169431,-0.003255701523,196.987853,0.0214214308
11,0.05701803097,-0.003989409363,126.6342756,0.007083216068
11.2,0.07544332057,-0.004309703128,48.46045049,0.0002822976074
11.4,0.08422318311,-0.004205265898,2.93631164,0.00239107132
11.6,0.0821160334,-0.003709117199,14.47940411,0.0112665421
11.8,0.06930670117,-0.002892264576,78.66737083,0.02233420243
12,0.04739068644,-0.001855808173,164.0938231,0.0306816367
12.2,0.0191704814,-0.0007179164052,228.0861097,0.03291887873
12.4,-0.01170932779,0.0003994115675,238.3544586,0.02851753268
12.6,-0.04123978527,0.001383504149,189.5275006,0.01957911378
12.8,-0.06557457595,0.002143443776,106.0807151,0.009753931731
13,-0.08153620594,0.002618381818,30.09107361,0.002576281232
13.2,-0.08703409324,0.002783040732,0.002421320382,2.629967519e-06
13.4,-0.08133918203,0.002648475023,31.18394854,0.001850052116
13.6,-0.06517894675,0.002258505032,108.1537489,0.006151639686
13.8,-0.04064066116,0.00168295543,192.3967343,0.01025878367
14,-0.0108963244,0.001007583794,241.7816852,0.01207133527
14.2,0.02021377082,0.0003229764499,231.7237572,0.0108941568
14.4,0.04868331751,-0.0002867903875,167.4134167,0.00750965738
14.6,0.07086159311,-0.0007542929626,81.02046015,0.003602556128
14.8,0.08392574975,-0.001036163189,15.40685062,0.0008248001231
15,0.08624218679,-0.001117432542,2.653411266,6.998091747e-06
15.2,0.0775705134,-0.001011925749,48.21255895,0.0008801413463
15.4,0.0590847315,-0.0007589773515,128.5358495,0.002377229497
15.6,0.03321052585,-0.0004169948144,203.1655373,0.003312578583
15.8,0.003301686561,-5.455577453e-05,235.0358306,0.003049058106
16,-0.02680048871,0.0002595295942,208.7437934,0.001808082146
16.2,-0.05326617139,0.0004660907164,137.7555167,0.0004709538583
16.4,-0.0727688223,0.0005240447858,57.19917148,1.469575097e-05
16.6,-0.08290612525,0.0004162973335,6.124005997,0.0008990023399
16.8,-0.08249643607,0.0001524374684,8.23391297,0.002757779072
17,-0.07171414522,-0.00023224925,60.63580491,0.004573204538
17.2,-0.05204886211,-0.0006812578017,135.9348247,0.005254123194
17.4,-0.02609644959,-0.001124305393,196.2806104,0.004306851068
17.6,0.002788395075,-0.001486833332,212.127223,0.002226166529
17.8,0.03093091282,-0.001700313001,176.3742922,0.0003578424059
18,0.05480836662,-0.001712094674,107.1209247,0.0002547536202
18.2,0.07149421061,-0.001493485814,38.06585093,0.002826066474
18.4,0.07901794832,-0.001044987896,1.659137403,0.007714815099
18.6,0.07659632032,-0.0003979668397,13.46153809,0.01326532069
18.8,0.06470897479,0.000387584133,65.25937388,0.01717022899
19,0.04501235577,0.00122900004,129.9298015,0.01755010548
19.2,0.02010644454,0.002030006997,175.2277698,0.01396890852
19.4,-0.00681251311,0.002691872389,179.4651041,0.00787255725
19.6,-0.03236640172,0.003125334294,141.4457725,0.002163687306
19.8,-0.05342249634,0.003261900403,80.13852724,1.900052165e-05
20,-0.06747913556,0.003063122719,24.7206718,0.003430081739
20.2,-0.07296214938,0.002526679492,0.2220663611,0.0121263708
20.4,-0.06939708473,0.001688443101,15.84640114,0.02342295911
20.6,-0.05743906353,0.0006201609422,61.40098923,0.03315473738
20.8,-0.03876070071,-0.0005771039646,113.1070068,0.03737342207
21,-0.01581645612,-0.001783138066,145.5247841,0.03410831444
21.2,0.008483188633,-0.002871272567,143.6071359,0.02440919417
21.4,0.03114407179,-0.003722217622,109.1803465,0.01215108575
21.6,0.04945918844,-0.004237487869,59.12760341,0.0025953172
21.8,0.06133187358,-0.004350881548,16.63071516,0.0002488337307
22,0.06551282352,-0.004036673901,0.006361056853,0.006904350801
22.2,0.06172465913,-0.003313532737,14.50818889,0.02071622152
22.4,0.05066278104,-0.00224363194,50.72146256,0.03676390745
22.6,0.0338771198,-0.0009269752773,89.8538576,0.04893749619
22.8,0.0135540008,0.0005085207674,112.9968678,0.05240662406
23,-0.007771073202,0.001920150737,109.8007815,0.04565665883
23.2,-0.02753169545,0.003165345741,82.61227001,0.03122261687
23.4,-0.04343970407,0.00411678006,44.5116761,0.01477385667
23.6,-0.05374797005,0.004676001168,12.60841326,0.002886176277
23.8,-0.05743701057,0.00478407736,0.01478566969,0.0003956707326
24,-0.05430635695,0.004428076528,10.24426621,0.008420534141
24.2,-0.04496415484,0.003642644912,36.36981462,0.02387505354
24.4,-0.03072116379,0.002506493775,64.92832991,0.04068946194
24.6,-0.01340656954,0.001134163223,82.42217255,0.05224384312
24.8,0.004868488563,-0.0003360449639,81.29488468,0.05402071947
25,0.02196892638,-0.001756651104,62.7746153,0.04539135921
25.2,0.03598368324,-0.002986507123,35.60892772,0.02981315162
25.4,0.04543510953,-0.003905542103,11.62020472,0.01337581662
25.6,0.04942751104,-0.00442714446,0.3176728744,0.002314440295
25.8,0.04772111982,-0.004506849111,4.995507996,0.0005223493983
26,0.04072735396,-0.004146413721,21.86021877,0.008076515047
26.2,0.02943064477,-0.003392883793,42.26859125,0.02134823464
26.4,0.01525022849,-0.002332803526,56.81724411,0.03460434442
26.6,-0.0001387489487,-0.001082265381,59.36893896,0.04239368838
26.8,-0.01500221476,0.0002260548015,49.32989927,0.04171410545
27,-0.02773924657,0.001457408714,31.40495893,0.03308348396
27.2,-0.03704851073,0.002489410514,13.18808652,0.02012711049
27.4,-0.04205273634,0.003224804291,1.797726657,0.00792495016
27.6,-0.04237074439,0.003601181924,1.023294564,0.0008654614439
27.8,-0.03813302248,0.003596632289,10.08139664,0.0009199523236
28,-0.02994313945,0.003230776562,24.31584733,0.007026714994
28.2,-0.01879274651,0.002561173864,37.3698127,0.01577010324
28.4,-0.005942011207,0.001675605603,43.83348166,0.02298404416
28.6,0.007220204688,0.0006812055897,41.29351336,0.02554207081
28.8,0.01932133983,-0.0003082555259,31.0523939,0.02256473243
29,0.02914100042,-0.001185436676,17.36397008,0.01557575183
29.2,0.03572545125,-0.001861337471,5.601612115,0.007622337045
29.4,0.0384714293,-0.002274710545,0.1310515676,0.001821737972
29.6,0.03717342226,-0.002397947756,2.699594274,1.224126151e-05
29.8,0.03203212257,-0.002238843564,11.89965702,0.002090688822
30,0.02362515379,-0.001838132782,23.83702574,0.006271248017
30.2,0.01284414744,-0.00126319854,33.69576125,0.01007129441
30.4,0.0008046843511,-0.0005987911637,37.59045413,0.01151726688
30.6,-0.01126256302,6.406189192e-05,34.02213556,0.01000103852
30.8,-0.02212996682,0.0006395798237,24.41728691,0.006419711463
31,-0.03069029061,0.001057781511,12.56597685,0.002590969594
31.2,-0.03606326504,0.001272801944,3.169812699,0.0002772786791
31.4,-0.0376821308,0.001267994611,0.0316703541,0.0003168056623
31.6,-0.03535224387,0.001057245104,4.558098379,0.002277860641
31.8,-0.0292758216,0.0006823892875,15.14881225,0.00477634035
32,-0.02003947489,0.0002071064606,27.73850981,0.006262759492
32.2,-0.008564222466,-0.0002919131599,37.33192954,0.005859677981
32.4,0.003978955159,-0.0007353977686,39.98088893,0.003818358796
32.6,0.01628154404,-0.001052200309,34.44258623,0.001366208596
32.8,0.02702827065,-0.001188932149,22.83017874,3.046719787e-05
33,0.03503405067,-0.001117308945,9.920280416,0.0007921435271
33.2,0.03937339373,-0.0008382760115,1.305463521,0.003513969791
33.4,0.03948828981,-0.0003823769271,1.076751917,0.006951736226
33.6,0.0352618388,0.0001937083444,9.980201209,0.00936459838
33.8,0.02704765181,0.0008140563632,24.87500263,0.009431025539
34,0.01564920446,0.001392998055,39.83470665,0.007007100169
34.2,0.002248513094,0.001846066763,48.54786627,0.00332182675
34.4,-0.01171078357,0.002101051258,47.0700955,0.0004689908619
34.6,-0.02467526993,0.002107779666,35.73579044,0.0004035410752
34.8,-0.03515309748,0.001845397741,19.30497409,0.003913738703
35,-0.04188612358,0.001326193212,5.133328282,0.01008478682
35.2,-0.04400288326,0.0005954238032,0.03249786071,0.01656255053
35.4,-0.04113350789,-0.0002729177667,7.144900504,0.0205549664
35.6,-0.03347115398,-0.001183978978,24.26480807,0.02014452523
35.8,-0.02177006579,-0.002032695084,44.49058184,0.01530340211
36,-0.007277507461,-0.002715994038,59.08482188,0.008100569689
36.2,0.008395330693,-0.003145136499,61.381117,0.001936931372
36.4,0.02345067152,-0.003256727355,49.99572011,9.058495034e-05
36.6,0.0361104554,-0.003021066395,29.79517303,0.004196198848
36.8,0.04482789291,-0.002446795835,10.01098292,0.01335517985
37,0.04847885012,-0.001581218886,0.1936374953,0.02432871206
37.2,0.0465090429,-0.0005061589436,5.76799052,0.03279978548
37.4,0.0390174725,0.0006702538844,25.26070919,0.03520490483
37.6,0.02676362988,0.001825003414,50.61350988,0.03035106971
37.8,0.01109494522,0.002833565439,70.61934393,0.02008714404
38,-0.006199298204,0.003583749255,76.034309,0.00868190607
38.2,-0.02309203617,0.003988434183,64.03288682,0.001116325163
38.4,-0.0375572165,0.003995737945,39.8530047,0.0009844848537
38.6,-0.04781498743,0.003595428253,14.70005076,0.008897634425
38.8,-0.05255328584,0.002820802451,0.7177979487,0.02210080601
39,-0.0510978774,0.001745765965,5.279578258,0.03551026583
39.2,-0.04350852131,0.0004773812869,27.29089587,0.04377297691
39.4,-0.03058752358,-0.0008553265738,57.36013061,0.04349835886
39.6,-0.01379749622,-0.002115093763,81.92560802,0.03471780525
39.8,0.004903627951,-0.003171162708,89.53415342,0.02093732169
40,0.02329177379,-0.003913417038,76.3574716,0.007736715704
40.2,0.03914312356,-0.004264334813,48.27934217,0.0004857221719
40.4,0.05050554372,-0.004187426686,18.4275723,0.002128209757
40.6,0.05594155526,-0.003691215078,1.168220006,0.01196435419
40.8,0.05471225507,-0.002828307296,5.313574039,0.02594360566
41,0.04687838662,-0.001689663511,29.76673599,0.03834509985
41.2,0.0333046638,-0.0003946973642,63.76179843,0.04413828658
41.4,0.01556527537,0.0009216882032,91.72124635,0.04103406317
41.6,-0.004239222045,0.002123687229,100.5384799,0.03037488161
41.8,-0.02373222335,0.003089179697,85.86909501,0.01650955774
42,-0.04054853414,0.003722709976,54.39887431,0.004939833818
42.2,-0.05262387341,0.003965429649,20.90805856,3.642523707e-05
42.4,-0.05845063119,0.003800927777,1.416013143,0.003286777036
42.6,-0.05726787382,0.003256339569,5.595799855,0.01279083162
42.8,-0.04916141859,0.002398658593,32.06447221,0.02417744133
43,-0.03506073562,0.001326716789,68.85005845,0.03251089836
43.2,-0.01663213166,0.0001597794057,98.90324094,0.03435326384
43.4,0.003919451252,-0.0009759263057,108.1087885,0.02911109957
43.6,0.02411624696,-0.00196121086,92.0178296,0.01913030723
43.8,0.04150875032,-0.002696870863,58.07782211,0.008555042931
44,0.05397515635,-0.003114144226,22.2420094,0.001491757296
44.2,0.05998222281,-0.003181532083,1.506067286,0.0002920883946
44.4,0.05877521434,-0.002907275958,5.87678135,0.004679939312
44.6,0.05047322091,-0.00233728466,33.58202994,0.01205046436
44.8,0.03605775892,-0.001548829297,71.82197943,0.01874669909
45,0.01725571808,-0.0006408065028,102.7443041,0.02170580373
45.2,-0.003669226767,0.000278246203,111.8427052,0.01973794179
45.4,-0.02419129167,0.001102956311,94.81311148,0.01390127924
45.6,-0.04182971339,0.001743242448,59.6169023,0.006863813098
45.8,-0.05445067289,0.002134360633,22.7616915,0.001597452868
46,-0.06052698828,0.002243733545,1.546040097,2.822750903e-05
46.2,-0.05932376588,0.00207381877,5.925667565,0.00225171864
46.4,-0.05098733525,0.001660747924,33.83781833,0.006634197363
46.6,-0.03652671286,0.001068971129,72.18380967,0.01069977915
46.8,-0.01769005537,0.0003826111489,102.9960972,0.01234889648
47,0.003248562764,-0.0003053863754,111.8738152,0.01082335323
47.2,0.02376577188,-0.0009049700229,94.71357856,0.006979282178
47.4,0.04139498997,-0.001340141165,59.58301411,0.002773689857
47.6,0.05402456505,-0.001558209051,22.88495484,0.0002457652617
47.8,0.0601517237,-0.001536038114,1.646260767,0.000503943557
48,0.05906165586,-0.001282554185,5.569312667,0.003209836674
48.2,0.05091037087,-0.0008372329623,32.56552501,0.006796295432
48.4,0.03670181376,-0.000264781766,69.82691821,0.009294832628
48.6,0.01816266139,0.0003533138882,99.88241147,0.009352275166
48.8,-0.00246936947,0.0009293288382,108.7635755,0.0069285982
49,-0.02271748919,0.001380620335,92.45352045,0.003327845451
49.2,-0.04016476558,0.001640337321,58.63930712,0.0005434720988
49.4,-0.05274372162,0.001666194034,23.01265297,0.0002389111395
49.6,-0.05898175718,0.001446217806,1.908305465,0.002869155018
49.8,-0.0581732146,0.001000745372,4.744099395,0.007388555955
50,-0.05045804509,0.0003803948361,29.7663595,0.01171011046
50.2,-0.03679849403,-0.0003397722698,65.01806089,0.01371432131
50.4,-0.01885758973,-0.001069220696,93.99957042,0.01232752625
50.6,0.001205016251,-0.001712980125,103.3327423,0.00813719992
50.8,0.02099456222,-0.002183430475,88.86226372,0.003216715391
51,0.03816816657,-0.002411408839,57.41351787,0.0002034603966
51.2,0.05071275086,-0.002355280045,23.47775532,0.001039088593
51.4,0.05718086161,-0.002006842652,2.441182804,0.005964100032
51.6,0.05685680057,-0.001393308448,3.5288655,0.01326668661
51.8,0.04983413816,-0.0005750537477,25.70029453,0.01995110898
52,0.03699648281,0.0003606589267,58.31446812,0.02306258489
52.2,0.01990498575,0.001309308686,86.16289688,0.02108176845
52.4,0.0006070780834,0.002161007762,96.48343133,0.01473853013
52.6,-0.0186099361,0.002813289162,84.71766151,0.006832101729
52.8,-0.03549062399,0.003183299587,56.41979012,0.001084628302
53,-0.04807614135,0.003217957232,24.53414666,0.0005023821141
53.2,-0.054930865,0.002900853937,3.379544552,0.005967693466
53.4,-0.05530482982,0.002255045947,2.14032413,0.01571331517
53.6,-0.04921379669,0.001341345709,20.82064974,0.02595997431
53.8,-0.03742871668,0.0002522449189,50.43386884,0.03248494792
54,-0.02137709127,-0.0008978935485,77.2436999,0.03246176903
54.2,-0.002968986539,-0.00198529913,89.05166965,0.02576426144
54.4,0.01563095039,-0.002890519436,80.65312323,0.01513692261
54.6,0.03225817248,-0.003511856324,56.02879232,0.00511554397
54.8,0.04499963884,-0.003776978607,26.36461673,0.0001298450066
55,0.05241282828,-0.00365137294,4.885360414,0.002592190071
55.2,0.05368745614,-0.003142644671,0.8898195379,0.01180404394
55.4,0.04873200948,-0.002300146167,15.67355789,0.0241748228
55.6,0.03817617491,-0.001209938374,42.11627851,0.03468715415
55.8,0.02329006292,1.437833151e-05,68.03327556,0.03900032657
56,0.005830686803,0.001243956427,81.71159156,0.03529762056
56.2,-0.01216565844,0.002348750734,77.1177564,0.02508178147
56.4,-0.02862055909,0.003211755248,56.46975505,0.01256759148
56.6,-0.0416526244,0.003741831835,29.08969636,0.002921030459
56.8,-0.04979123162,0.003883691144,7.12714189,9.109213165e-05
57,-0.05214079884,0.003623905982,0.1148641326,0.005157019554
57.2,-0.04847748974,0.002992284757,10.79107285,0.01589313205
57.4,-0.03926818922,0.002058456508,34.00920296,0.02773081771
57.6,-0.02561054722,0.0009240595492,59.15475401,0.0356991527
57.8,-0.009101844266,-0.0002885788792,74.9338121,0.03651072847
58,0.008347620516,-0.001449990876,74.37646783,0.02990571334
58.2,0.02473485468,-0.002437815824,57.84648079,0.01869514342
58.4,0.03819291421,-0.003150147098,32.76752535,0.007508443154
58.6,0.04720211922,-0.003516486274,10.24286636,0.0008037804028
58.8,0.05076006995,-0.003505092535,0.1062256905,0.00100404999
59,0.0484916781,-0.00312593073,6.603854301,0.007548566457
59.2,0.04068735766,-0.00242892594,26.59526257,0.01723912309
59.4,0.02826569243,-0.001497767414,51.02682207,0.02569375447
59.6,0.01266539378,-0.0004400086954,68.98727728,0.02925070605
59.8,-0.004320763973,0.0006253738564,72.53267605,0.0264910244
60,-0.02075095412,0.00158152251,60.15455366,0.01873928575
60.2,-0.03475496584,0.002326785774,37.38467513,0.009365563704
60.4,-0.04474565166,0.002785865504,14.29992662,0.002237988279
60.6,-0.04959745998,0.002917774389,1.050486024,3.210165334e-05
60.8,-0.0487721667,0.002719734295,3.389628699,0.00313910777
61,-0.04237791434,0.002226622756,20.16664888,0.009623998489
61.2,-0.03115517392,0.001506093167,43.87044827,0.01620502243
61.4,-0.01639143012,0.0006499936387,63.96806743,0.01977621599
61.6,0.0002256522621,-0.000236867848,71.55888317,0.01877344944
61.8,0.01679996913,-0.001049267016,63.29469359,0.01378281117
62,0.03144201886,-0.001693932384,42.8447322,0.007153782811
62.2,0.04248305146,-0.002100292705,19.26622715,0.001836771519
62.4,0.04866423739,-0.002228360492,3.000995404,6.239206612e-06
62.6,0.04927955669,-0.002072858275,1.261478588,0.002106009159
62.8,0.04425627488,-0.00166314531,14.8389151,0.006736309899
63,0.03416384838,-0.001059002335,37.74314751,0.01140037555
63.2,0.02015011915,-0.0003428216191,59.83937817,0.01373114844
63.4,0.003811828599,0.0003908285086,71.32640257,0.01260832653
63.6,-0.01298610395,0.00104699062,67.08372392,0.008644999161
63.8,-0.02832226474,0.001542030222,48.96358459,0.003832919732
64,-0.04043753651,0.001813863946,25.00205087,0.0005368649923
64.2,-0.04793622391,0.00182947966,5.880520369,0.0003324223366
64.4,-0.04994660698,0.001588853757,0.1895494425,0.003247182711
64.6,-0.04622247972,0.001124805833,10.58993071,0.007765115714
64.8,-0.03717380991,0.0004988195997,32.58486541,0.0115850894
65,-0.02382262795,-0.0002066567677,56.47163654,0.01276263879
65.2,-0.007688728986,-0.0008984950696,71.63168227,0.0106804672
65.4,0.009382201245,-0.001484509703,71.26781508,0.006374534369
65.6,0.02542876538,-0.001885009788,55.47805997,0.00205060491
65.8,0.03859854197,-0.002042877987,31.27514661,1.530894808e-05
66,0.04736163495,-0.00193094651,9.510130168,0.001531559407
66.2,0.05068850274,-0.001555761186,0.04351707465,0.006153579703
66.4,0.04817137454,-0.0009572542533,7.308697364,0.01187716728
66.6,0.04007486336,-0.0002043348493,28.26330045,0.01605648564
66.8,0.0273094036,0.0006131045041,53.67746973,0.01666920499
67,0.01132997451,0.001394834967,72.22064821,0.01333267219
67.2,-0.006028788934,0.002042337807,75.54224155,0.007573942445
67.4,-0.02276254806,0.002470819468,62.0696589,0.00219525506
67.6,-0.03692834454,0.002619756723,37.79453494,2.665251923e-07
67.8,-0.04687021858,0.002460695911,13.65337395,0.002458145957
68,-0.05141315278,0.002001344862,0.6417480544,0.008933243554
68.2,-0.05000256888,0.001285426423,4.841730221,0.01686637842
68.4,-0.04277272358,0.0003882585157,24.61185755,0.02286396753
68.6,-0.03053547088,-0.0005914706615,51.24076663,0.02422733745
68.8,-0.014690057,-0.001542811367,72.81357652,0.02023305197
69,0.002936171018,-0.002355276576,79.57897915,0.01256417187
69.2,0.02029810811,-0.002931711888,68.39991695,0.004660215937
69.4,0.03537012492,-0.003199810266,44.25395545,0.0002396974211
69.6,0.0463826746,-0.003120914885,18.06338081,0.001634747468
69.8,0.05203059019,-0.00269505672,1.795556403,0.008684086524
70,0.05162847146,-0.001961601607,3.029688684,0.01870246972
70.2,0.04519455925,-0.0009953852123,21.45825198,0.02757621279
70.4,0.03345273659,0.0001012644997,48.94130517,0.03153085348
70.6,0.01775182939,0.001209739569,73.13175774,0.02880407877
70.8,-8.890406575e-05,0.00220834189,83.05983628,0.02047940104
71,-0.01799045412,0.002985956978,74.15030492,0.01009080563
71.2,-0.03385652409,0.003454652694,50.37459868,0.002144037264
71.4,-0.04581946736,0.003559757988,22.52257404,0.0001813733372
71.6,-0.05246077361,0.003286257528,3.34151774,0.00522911786
71.8,-0.05297998062,0.002660754026,1.731848711,0.01531249844
72,-0.04729179622,0.001748753373,18.64481071,0.02626453361
72.2,-0.03603955756,0.0006475608823,46.57648062,0.03349230333
72.4,-0.02052296074,-0.0005244214998,72.92492169,0.03394286353
72.6,-0.002548111096,-0.001640794909,85.71006761,0.02741819486
72.8,0.01578282564,-0.002581182719,79.05848689,0.01666701769
73,0.03231785035,-0.003244585031,55.93847438,0.006210756251
73.2,0.04510833639,-0.003560558883,26.86878463,0.000410270062
73.4,0.05263933772,-0.003496961777,5.159593229,0.001608821362
73.6,0.05400968297,-0.003063387644,0.8395083464,0.009151384643
73.8,0.0490403531,-0.002309915267,16.04253771,0.01969701564
74,0.03829803481,-0.001321323011,43.98044135,0.02867833712
74.2,0.02303073154,-0.0002074391561,71.99638817,0.03226692949
74.4,0.005022718565,0.0009092650127,87.32649866,0.02899131068
74.6,-0.01361428748,0.001907422019,82.94412629,0.02031543257
74.8,-0.03068925528,0.00268029053,60.8073447,0.0099459972
75,-0.04419003289,0.00314752137,31.00604704,0.002191768197
75.2,-0.05252109442,0.00326384335,7.178498012,0.000103605049
75.4,-0.05469265862,0.003023703917,0.28106496,0.004204912482
75.6,-0.05043868525,0.002461367758,13.56056715,0.01234825392
75.8,-0.04024962792,0.001646499393,41.03950742,0.02073117531
76,-0.0253158926,0.0006757731615,70.2220948,0.02559764908
76.2,-0.007388524015,-0.000338493909,87.79520348,0.02486374891
76.4,0.01142653806,-0.001281355929,85.72043429,0.01895946114
76.6,0.02891639408,-0.002048388661,64.9262065,0.01054218416
76.8,0.04302204137,-0.002557462554,34.9019809,0.003243951641
77,0.05208131779,-0.002757795044,9.371735284,3.624273513e-05
77.2,0.05502519039,-0.002635264246,0.02158964178,0.001948204904
77.4,0.05150415095,-0.002213407526,11.1515978,0.007695019618
77.6,0.04192974264,-0.001550033927,37.70195916,0.01435078835
77.8,0.02742628321,-0.0007298900939,67.56027906,0.0187293783
78,0.009698476799,0.0001457244397,87.09616117,0.0188293922
78.2,-0.009169442219,0.0009711476873,87.39115146,0.01468997195
78.4,-0.02695929578,0.00164890486,68.31367026,0.008289681672
78.6,-0.04158026287,0.002101139452,38.57574999,0.002565280599
78.8,-0.05131503921,0.002278589881,11.74811154,2.562782701e-05
79,-0.0550218157,0.002166073575,0.05893860898,0.001608118682
79.2,-0.0522682842,0.001783858463,8.813064385,0.006297210158
79.4,-0.04338193551,0.001184790793,33.9804957,0.01166123976
79.6,-0.02941081855,0.0004475503194,64.05032562,0.01503597631
79.8,-0.01199950653,-0.000333139779,85.29517425,0.01478904428
80,0.006804987902,-0.001058163898,88.03561412,0.01107213582
80.2,0.02479437152,-0.001636125648,71.04358613,0.005716530314
80.4,0.03985882225,-0.001994470057,42.08111494,0.001333175655
80.6,0.05023472156,-0.002088288097,14.3398859,5.126929385e-05
80.8,0.05471124042,-0.001905754117,0.4175016374,0.002495697327
81,0.05277156654,-0.001469549413,6.583596152,0.00748761492
81.2,0.04465231437,-0.0008341040563,29.94674575,0.0126094238
81.4,0.03131432894,-7.898757644e-05,59.80146668,0.01536647522
81.6,0.01432853341,0.00070076165,82.52579336,0.01439454613
81.8,-0.0043095538,0.0014062127,87.78634211,0.0101374985
82,-0.02241466615,0.001946639457,73.22279552,0.004666069349
82.2,-0.03786830448,0.002250689217,45.48847213,0.0007123633552
82.4,-0.04886676975,0.002275279394,17.19064005,0.0003671923062
82.6,-0.05413165552,0.002011145171,1.14008472,0.004053875499
82.8,-0.05305824325,0.001484355359,4.534772234,0.01027208597
83,-0.04578460676,0.0007535901177,25.71870791,0.0162512686
83.2,-0.03317358314,-9.652331354e-05,54.97393777,0.01922732412
83.4,-0.01670999953,-0.000965251341,78.96547847,0.01775651905
83.6,0.001674543347,-0.001747624801,86.80403263,0.01244901259
83.8,0.0198285998,-0.002346946178,74.96925351,0.005760629811
84,0.03563281843,-0.002686455602,48.86858486,0.000911948585
84.2,0.04724736823,-0.0027187676,20.34400529,0.0004121065991
84.4,0.05332596734,-0.002431944019,2.27832289,0.004861362246
84.6,0.05317164133,-0.001851456653,2.759036037,0.01259597766
84.8,0.04681623543,-0.001037770934,21.44336221,0.02036575269
85,0.0350146705,-7.979399294e-05,49.7563386,0.02476453388
85.2,0.01915490941,0.0009150833936,74.81054994,0.02378087177
85.4,0.001094421942,0.001833217901,85.25418746,0.01776393374
85.6,-0.01705754266,0.002567811354,76.39349418,0.009347743053
85.8,-0.03318632994,0.003031357849,52.27949091,0.002338567108
86,-0.04541812043,0.003165988651,23.83381215,4.033840285e-05
86.2,-0.05233738105,0.002950498006,3.882301741,0.003758371533
86.4,-0.05315033115,0.00240321053,1.355478883,0.01215832448
86.6,-0.04777559798,0.001580327602,17.27750278,0.02178781956
86.8,-0.03685176838,0.0005699113093,44.34313703,0.02855338732
87,-0.02166123509,-0.000517830514,70.25381238,0.02951430941
87.2,-0.003979457685,-0.001562864245,83.28829307,0.02420214729
87.4,0.0141326177,-0.002448855997,77.58501086,0.01487271809
87.6,0.03056870315,-0.003076358307,55.75714225,0.00556233138
87.8,0.04342190964,-0.00337414642,27.67604071,0.000348169228
88,0.0512056775,-0.003307399863,5.990464009,0.0015694119
88.2,0.05302534526,-0.00288178317,0.4157025866,0.00879084768
88.4,0.04868060913,-0.002142947579,13.36990802,0.01897025122
88.6,0.03868719297,-0.001171499503,38.91559536,0.02776427611
88.8,0.02421544108,-7.400108104e-05,65.46745275,0.03140683309
89,0.00695317061,0.00102897665,81.03099591,0.028340464
89.2,-0.01109113438,0.002016389177,78.60396018,0.01988784871
89.4,-0.0278218473,0.002780301395,59.30979227,0.009670924873
89.6,-0.04129931617,0.003237971596,31.86298469,0.002033936692
89.8,-0.04996440893,0.00334106257,8.621119176,0.000162019629
90,-0.05281854029,0.003080935995,0.0119442728,0.00471710566
90.2,-0.04953844243,0.002489436043,9.847352291,0.01358168831
90.4,-0.04051253279,0.001635085547,33.62820699,0.02281185681
90.6,-0.02679482204,0.0006151435327,60.59235987,0.02837094988
90.8,-0.00998184397,-0.0004555543366,78.57344219,0.02787796779
91,0.007973026997,-0.001457685063,79.47783038,0.02160748755
91.2,0.02498629574,-0.002280953318,62.91591797,0.01231588955
91.4,0.0390858241,-0.002836485105,36.36009092,0.003989599399
91.6,0.04863912219,-0.003066688329,11.76679394,8.278738235e-05
91.8,0.05254207241,-0.002951466017,0.1891164388,0.002026819747
92,0.05034631025,-0.002510092867,6.805917271,0.008660198118
92.2,0.04231059775,-0.001798568587,28.60138748,0.01680984274
92.4,0.02937032078,-0.0009027838664,55.73374303,0.02274180256
92.6,0.01302870512,7.168388609e-05,75.97207341,0.02382079253
92.8,-0.004817613437,0.001011943167,80.20232411,0.01963940927
93,-0.02209845439,0.001810883677,66.52538963,0.01212934198
93.2,-0.03680994444,0.00237947343,41.10584344,0.004630589746
93.4,-0.04724660897,0.002656838483,15.39224375,0.0003598549137
93.6,-0.05219886141,0.002616972046,0.9615578908,0.0009778293388
93.8,-0.0510930529,0.002271318607,4.307897868,0.005894885528
94,-0.04405788535,0.00166696348,23.91999409,0.01260850668
94.2,-0.03190950224,0.0008806721554,50.96204679,0.01789452144
94.4,-0.01605697244,9.507010469e-06,73.25171225,0.01929254581
94.6,0.001660912662,-0.0008408549981,80.74557554,0.01620485744
94.8,0.01918866076,-0.00156871694,70.06353398,0.01011767655
95,0.03449227961,-0.002088382367,46.0147787,0.003863285267
95.2,0.04579509106,-0.002340189881,19.43630348,0.0002809128593
95.4,0.05178384931,-0.002297390033,2.314355294,0.0009031145375
95.6,0.05176127065,-0.001969069352,2.3835986,0.005272142864
95.8,0.04572726458,-0.001398795084,19.63645051,0.01119156737
96,0.03437939515,-0.0006591599557,46.31771585,0.01578270285
96.2,0.01903244517,0.0001571104008,70.41164589,0.01684489955
96.4,0.001466327448,0.0009484205482,81.05481267,0.01388329531
96.6,-0.01628010009,0.001616594355,73.43760174,0.008327685292
96.8,-0.03214546634,0.002078726789,50.98330085,0.002845754974
97,-0.04428517885,0.002277188986,23.81707016,7.632464373e-05
97.2,-0.05128581824,0.002186597233,4.208312386,0.001377774327
97.4,-0.05232972458,0.001816916823,1.036662265,0.006178980465
97.6,-0.04729060543,0.001212329712,15.77688446,0.01223886216
97.8,-0.03674896945,0.0004459967927,41.81828548,0.01669643912
98,-0.02192547712,-0.000388667806,67.43348443,0.01742286068
98.2,-0.004539827203,-0.001189178825,81.06458826,0.01404242384
98.4,0.01338854142,-0.001856294009,76.54494967,0.008139325226
98.6,0.02977486488,-0.002305998891,55.89753243,0.002543022941
98.8,0.04271139696,-0.002479736072,28.43936186,1.460631365e-05
99,0.05068951822,-0.00235165627,6.587166517,0.001940540904
99.2,0.05277575058,-0.001932016531,0.2513176048,0.007645388625
99.4,0.0487211279,-0.001266303045,12.34868669,0.01465613134
99.6,0.03899108546,-0.0004301591448,37.46643288,0.01981339212
99.8,0.02471225463,0.0004793057249,64.28972231,0.02072948977
100,0.007542211766,0.001354821151,80.7056987,0.01692317284
100.2,-0.01052278857,0.002091557572,79.28204625,0.01009777613
100.4,-0.02737981617,0.002599548399,60.64211349,0.003414877764
100.6,-0.04106405204,0.002814469762,33.20310435,7.576329004e-05
100.8,-0.04997786632,0.002705500488,9.385527419,0.001847825621
101,-0.05307746858,0.002279320513,2.520903361e-05,0.008211289075
101.2,-0.04999530484,0.001579753187,9.348148478,0.01653123363
101.4,-0.04108382365,0.0006830637502,33.25789533,0.02319947642
101.6,-0.02737537383,-0.000310566238,60.95209195,0.02524750995
101.8,-0.01046276773,-0.001288419901,79.91390712,0.02170762646
102,0.007685693597,-0.00213817516,81.55328855,0.01409987189
102.2,0.02495526506,-0.00276089084,65.10874185,0.005806890008
102.4,0.03933122146,-0.003082541918,38.0112988,0.0005970706608
102.6,0.04913400892,-0.003062758524,12.53619447,0.0009449385881
102.8,0.05321562126,-0.002699741725,0.250326554,0.006899486294
103,0.05109421797,-0.002030767792,6.767198953,0.01601654356
103.2,0.04301117287,-0.001128201085,29.1884487,0.02440170257
103.4,0.0299037754,-9.145487806e-05,57.39895098,0.02841403553
103.6,0.01329664838,0.000964190738,78.63762746,0.02628021308
103.8,-0.004875552896,0.001920638926,83.27863915,0.01890028326
104,-0.02249354611,0.002670399991,69.20335421,0.009479152814
104.2,-0.03750066512,0.003128848008,42.77647737,0.002136705145
104.4,-0.04814308277,0.00324390017,15.97589064,0.0001041068501
104.6,-0.05317493485,0.003002002966,0.9701290795,0.004301132898
104.8,-0.05200433077,0.002429732683,4.598638206,0.01292448853
105,-0.04476311591,0.001590821491,25.25940119,0.02223200998
105.2,-0.03229214377,0.0005789463443,53.6211003,0.0281792918
105.4,-0.01604368589,-0.0004928946902,76.84384897,0.02818826643
105.6,0.002087700228,-0.001505201636,84.39927317,0.02226911085
105.8,0.01998614531,-0.002345518208,72.85114668,0.01300339312
106,0.03556149971,-0.002921152023,47.42496426,0.004400143438
106.2,0.04699356316,-0.003169613926,19.6489107,0.0001336919272
106.4,0.05294495379,-0.003065585012,2.131081511,0.001942235038
106.6,0.05271769973,-0.002623621034,2.839586125,0.008890312544
106.8,0.04633519885,-0.001896295691,21.4812815,0.01781199822
107,0.03453990864,-0.000968009689,49.6256118,0.02472778659
107.2,0.01870697941,5.480920216e-05,74.52179887,0.02660017264
107.4,0.0006838785523,0.001055976321,84.88073675,0.02264995916
107.6,-0.01742528176,0.001922870572,75.99904276,0.01465846906
107.8,-0.03350552072,0.002559268798,51.89871778,0.006136691929
108,-0.04567814117,0.002896219166,23.50861152,0.0007458425393
108.2,-0.05252035558,0.002899710501,3.710039141,0.0006803977396
108.4,-0.05323169207,0.002574269509,1.493117866,0.005730961011
108.6,-0.04772770352,0.001962092209,17.87560076,0.01343120522
108.8,-0.03665000141,0.001137834339,45.43746263,0.02020421168
109,-0.02129142188,0.0001996878018,71.68413189,0.02297933058
109.2,-0.003445058934,-0.0007422018988,84.71349619,0.02054929287
109.4,0.01480519363,-0.001578618397,78.6156421,0.01406569868
109.6,0.03132810666,-0.002213953538,56.1549361,0.006467244028
109.8,0.04419412317,-0.002577209346,27.51700562,0.001117631111
110,0.05190079735,-0.002630051206,5.688861338,0.0002808891066
110.2,0.05354831176,-0.002370989766,0.5682408485,0.00412461183
110.4,0.04894455936,-0.001835224563,14.4747533,0.01069189369
110.6,0.03862751698,-0.001090190914,41.09901499,0.01683739094
110.8,0.02380230896,-0.0002273535822,68.36575414,0.01968593076
111,0.006200334755,0.0006487722917,83.9111229,0.01794135999
111.2,-0.01212305697,0.001433071494,80.68904083,0.01245113866
111.4,-0.02902868724,0.002032280949,60.16390325,0.005779671194
111.6,-0.04254338918,0.002375979158,31.64292684,0.0009994384955
111.8,-0.05109037973,0.002424824422,8.052926954,0.0002646122323
112,-0.05367325466,0.002175080286,0.07849950274,0.003825548904
112.2,-0.04999213319,0.001658905647,11.3202937,0.00993373902
112.4,-0.04047841697,0.0009403864707,36.66761963,0.01567332717
112.6,-0.02624414369,0.0001077874498,64.62067607,0.0183281203
112.8,-0.008951894568,-0.000737053514,82.50664801,0.01664820353
113,0.00937950955,-0.001490929601,82.22315066,0.01142950213
113.2,0.02661079918,-0.002061622387,63.90570853,0.005139166918
113.4,0.04073198084,-0.00237894923,35.85932526,0.0007617615038
113.6,0.05009683416,-0.002403192646,10.78881744,0.0004020934386
113.8,0.05361481929,-0.0021299123,0.03958463488,0.004293890967
114,0.05087802478,-0.001590566599,8.459975272,0.01067695043
114.2,0.04220838528,-0.0008488647685,32.21181739,0.01660439316
114.4,0.02861971569,6.726091434e-06,60.51749657,0.01931064582
114.6,0.0116990529,0.0008734404081,80.54778834,0.01750841585
114.8,-0.006578791774,0.001646410097,83.233241,0.01201109143
115,-0.02408178635,0.002231160028,67.36650079,0.005384326686
115.2,-0.03876941129,0.002554927359,40.14024331,0.0007772311705
115.4,-0.04893054855,0.002575463853,13.88162462,0.0004647754473
115.6,-0.05338279295,0.002286272876,0.4663781078,0.004772654274
115.8,-0.0516099759,0.001717649014,5.944037208,0.01188750455
116,-0.04382191647,0.00093337975,27.80673571,0.01865354152
116.2,-0.03092949666,2.347776783e-05,56.13421682,0.02200363464
116.4,-0.01443803473,-0.0009062202505,78.09178256,0.02037601716
116.6,0.00372854887,-0.00174638184,83.74139941,0.01446503937
116.8,0.02145222388,-0.002396997125,70.53486946,0.006950234369
117,0.03666780031,-0.002779187611,44.45795534,0.001310556267
117.2,0.04760354233,-0.002844618004,17.31230752,0.0002505429712
117.4,0.05298741646,-0.002581398493,1.369877433,0.004450209072
117.6,0.05219497349,-0.002015770591,3.821268631,0.0122135583
117.8,0.04532168369,-0.001209358934,23.52930547,0.02019024431
118,0.03317135948,-0.000252287659,51.55306513,0.02486002944
118.2,0.01716208002,0.0007470571056,75.20049905,0.02411945317
118.4,-0.0008393621622,0.001674443867,83.77248456,0.01825483208
118.6,-0.01873515857,0.002422959104,73.39881353,0.009853625127
118.8,-0.03444093749,0.002905393231,48.78064916,0.002679570359
119,-0.04612848954,0.003064410373,21.05546053,4.125680636e-06
119.2,-0.05243850788,0.002879315785,2.754414446,0.003136866335
119.4,-0.05263859787,0.00236862575,2.135347988,0.0108159514
119.6,-0.04670820098,0.001588128933,19.45386158,0.01974043391
119.8,-0.03534059771,0.0006246494074,46.85590055,0.02601720207
120,-0.01986181187,-0.0004137805763,71.93631981,0.02688429287
120.2,-0.002075909093,-0.001410213328,83.35097203,0.02194423158
120.4,0.01594525961,-0.002252132172,75.94360278,0.01335498079
120.6,0.03210336653,-0.002844315844,53.07090737,0.004888010944
120.8,0.04451786889,-0.003119738737,25.07776905,0.0002673744117
121,0.05174479868,-0.003047250031,4.615507275,0.001525166069
121.2,0.05294463678,-0.002635145558,0.9218619781,0.008103240625
121.4,0.04797976582,-0.001930219689,15.64855594,0.01710031544
121.6,0.03743019927,-0.001012405844,42.12058827,0.02455478764
121.8,0.02252579657,1.437686859e-05,68.35910925,0.02719359343
122,0.005002889392,0.001034115994,82.49890601,0.02387132927
122.2,-0.01309796753,0.001931966798,78.15067832,0.01606324365
122.4,-0.02966956788,0.002607354997,57.28512337,0.007197838968
122.6,-0.04278329611,0.002985413983,29.33732437,0.001130844761
122.8,-0.05091350863,0.003025443474,6.938572937,0.0004419669493
123,-0.05311495932,0.002725422258,0.2062674249,0.005310435574
123.2,-0.04913264482,0.00212206495,12.17283598,0.01346314203
123.4,-0.03943131214,0.001286428179,37.41854163,0.02120879893
123.6,-0.02514121799,0.0003155858175,64.52437999,0.02508861293
123.8,-0.007926470273,-0.0006786541129,81.23499695,0.02340392487
124,0.01020871558,-0.001582678604,79.99759819,0.01694316299
124.2,0.0271532957,-0.002294145734,61.37386884,0.00859409439
124.4,0.04093506893,-0.002733695757,33.78385394,0.002027783896
124.6,0.04995015992,-0.002853947846,9.698594597,5.2908068e-05
124.8,0.05314962094,-0.002644751866,0.002898494717,0.003379405136
125,0.05016144946,-0.002134102091,9.076059301,0.01033851633
125.2,0.04133383235,-0.001384625107,32.81343986,0.01767129278
125.4,0.02769459034,-0.0004860684348,60.48259884,0.02201716731
125.6,0.01083154399,0.0004553202552,79.57476375,0.02142450501
125.8,-0.007292279932,0.001329274759,81.45891764,0.01620370734
126,-0.02456710286,0.002034391786,65.28312324,0.008747972781
126.2,-0.03898193138,0.002489909426,38.35980889,0.002416924546
126.4,-0.04885860979,0.0026450133,12.86070303,2.666649582e-07
126.6,-0.0530471547,0.002484593732,0.3149682902,0.002462303022
126.8,-0.05105963971,0.002030794957,6.397155408,0.008532762266
127,-0.04312704427,0.001340190908,28.36098185,0.01531917216
127.2,-0.0301724414,0.0004969338765,56.27945016,0.01965016655
127.4,-0.01370363177,-0.0003973074341,77.53151763,0.01952964033
127.6,0.004362294812,-0.001235430193,82.50780664,0.01503716342
127.8,0.02192206569,-0.001917575928,68.95618845,0.0082685859
128,0.03693104313,-0.00236291431,43.00215056,0.002352452177
128.2,0.04764126411,-0.002519149213,16.38151675,1.877543375e-07
128.4,0.05280499391,-0.002368633704,1.135391348,0.002258457242
128.6,0.05182009139,-0.001930380432,4.165128853,0.008035632802
128.8,0.04480024922,-0.001257736826,24.10943703,0.01461643896
129,0.03256191165,-0.0004320041103,51.95679662,0.01892424624
129.2,0.01652936874,0.0004472444814,75.11792399,0.0189475557
129.4,-0.001430948348,0.001274003272,83.11815095,0.01467276547
129.6,-0.01922770022,0.001948435197,72.33604922,0.0080930481
129.8,-0.03478812357,0.002388748591,47.64460485,0.002288446571
130,-0.04629942408,0.002540948862,20.21100556,5.476165473e-08
130.2,-0.05241996791,0.002385313512,2.448176403,0.002355123699
130.4,-0.05243566743,0.001938823521,2.400133653,0.008332449444
130.6,-0.04634332917,0.001253258866,20.10070803,0.01521872451
130.8,-0.03485123037,0.0004091753568,47.5540458,0.01985128186
131,-0.01929682651,-0.0004935356074,72.34785449,0.0200793153
131.2,-0.001491143717,-0.001347400147,83.26685835,0.01577134448
131.4,0.01649204599,-0.002050050006,75.36790928,0.008900565206
131.6,0.03255772923,-0.002516355316,52.22011697,0.0026600382
131.8,0.04483371357,-0.00268857373,24.29460626,5.10953238e-06
132,0.05188881517,-0.002543317131,4.2301112,0.002287128634
132.2,0.05289974164,-0.002094507469,1.114834403,0.008607063695
132.4,0.04774720629,-0.001391961291,16.37161793,0.01619396205
132.6,0.03703004684,-0.0005157536999,43.10963833,0.0216470757
132.8,0.02199567152,0.0004329930041,69.2382507,0.02248366575
133,0.004394904744,0.001343830583,82.93609733,0.018288735
133.2,-0.01372188191,0.002109854078,78.00163521,0.01093685141
133.4,-0.03024361743,0.002640219005,56.66324117,0.003773343588
133.6,-0.04324453527,0.002870843311,28.57532725,0.0001147060122
133.8,-0.05120866461,0.002772038529,6.452478183,0.001741598977
134,-0.05320663588,0.002352169145,0.3157964164,0.008068509397
134.2,-0.04900417442,0.00165689957,12.95516935,0.01637449137
134.4,-0.0390896109,0.0007641008935,38.66240941,0.0230026853
134.6,-0.02461717234,-0.0002250050103,65.81075586,0.0249970275
134.8,-0.007272634096,-0.001197447175,82.11522953,0.02144182829
135,0.01092303264,-0.002041514412,80.19387405,0.01389721868
135.2,0.02784914867,-0.002659665997,60.9122384,0.00572578045
135.4,0.04153250921,-0.002979846806,32.99562256,0.0006033573558
135.6,0.05037744664,-0.002963891511,9.082590437,0.0008763275598
135.8,0.0533519451,-0.00261203756,0.004702251935,0.006501334031
136,0.05010809334,-0.001963016035,9.881578671,0.01504673727
136.2,0.04102281167,-0.001089701178,34.25263172,0.02276160282
136.4,0.02715408061,-9.081388122e-05,62.09292669,0.02623962228
136.6,0.01011775101,0.000920367947,80.80225295,0.02393683617
136.8,-0.008100721784,0.001828991606,81.90967034,0.01686467196
137,-0.0253776839,0.002531806834,64.91071802,0.008146555681
137.2,-0.03969885594,0.002949016807,37.49888381,0.001633544681
137.4,-0.04939420718,0.003033434322,12.08500701,0.0001950623019
137.6,-0.05333273855,0.002775885836,0.1792615178,0.004446372046
137.8,-0.05105445065,0.002206239889,7.178957227,0.01247953592
138,-0.04282409406,0.001389942484,29.92261482,0.02071644939
138.2,-0.0296004176,0.0004204616355,58.11890538,0.0255017987
138.4,-0.01292448483,-0.0005914838384,79.00464477,0.02472454625
138.6,0.005259931125,-0.001530664879,83.12348298,0.01874583372
138.8,0.02283294019,-0.002290579008,68.60873766,0.01022309991
139,0.03774569715,-0.002785654436,42.030476,0.002914325673
139.2,0.04825931094,-0.002961013829,15.42236191,9.800331615e-07
139.4,0.05314763825,-0.002798674445,0.8337527363,0.002680149708
139.6,0.05184030669,-0.002319475629,4.873580681,0.009651677506
139.8,0.04448928101,-0.001580520524,25.71680648,0.01772230248
140,0.03195120193,-0.0006684389129,53.92950489,0.02324807184
140.2,0.01568754971,0.0003107383433,76.73956854,0.02376354772
140.4,-0.002405730584,0.001243911582,83.81958088,0.01906787801
140.6,-0.02021927733,0.002024016312,71.96335283,0.01128698767
140.8,-0.03567625812,0.002562377523,46.53831714,0.003894031516
141,-0.04697453187,0.002798883541,19.05581026,0.0001375633232
141.2,-0.05279678657,0.002708805239,1.959201186,0.001588648353
141.4,-0.05246414617,0.002305479104,2.989752143,0.007458165341
141.6,-0.04601533291,0.001638555407,21.68140702,0.01498314495
141.8,-0.03420215366,0.0007880293849,49.57172992,0.02069699614
142,-0.01840183743,-0.0001452363866,74.03348296,0.02200194142
142.2,-0.0004564482176,-0.001051383383,83.99186808,0.01833108467
142.4,0.01754189844,-0.001824430985,74.93867527,0.01137938769
142.6,0.03349496746,-0.002374647949,50.97306282,0.004308416825
142.8,0.04554303931,-0.002638978736,22.94514994,0.0002949564776
143,0.05228172252,-0.002588312201,3.543248758,0.001087678434
143.2,0.05292566463,-0.002230751499,1.549317171,0.006226969819
143.4,0.04740007682,-0.001610513025,17.86356414,0.01327684498
143.6,0.03634940658,-0.0008025938407,45.09781516,0.01895533354
143.8,0.02106215502,9.6158285e-05,70.92124811,0.02064176644
144,0.003320612775,0.0009785183072,83.64324391,0.01757105527
144.2,-0.01480695794,0.001739550753,77.50554789,0.01117171539
144.4,-0.03120745946,0.002288982094,55.28799825,0.004397829766
144.6,-0.04396929583,0.002561827065,27.04871444,0.0003651943548
144.8,-0.05160519164,0.002526023501,5.569807782,0.0009186416995
145,-0.05322551926,0.002186182029,0.5709268934,0.005787018739
145.2,-0.0486419353,0.00158301307,14.31025621,0.0127117854
145.4,-0.03838925483,0.0007885007951,40.56390422,0.01848878546
145.6,-0.02366302577,-0.0001026075648,67.44486504,0.02044453805
145.8,-0.0061800934,-0.0009839964729,82.78463825,0.01766943414
146,0.01202157935,-0.00175034547,79.64097051,0.01144135209
146.2,0.02882049206,-0.002309784888,59.43876137,0.004643712164
146.4,0.04225888862,-0.002594779666,31.32315003,0.0004426959088
